Symbol,Idol Invested On,Idol Close Price on Invest,Idol Exit On,Idol Close Price on Exit,Idol Investment,Idol No of Shares,Idol Returns,Actual Invested On,Actual Close Price on Invest,Actual Exit On,Actual Close Price on Exit,Actual Investment,Actual No of Shares,Actual Returns,Actual Total Investment,Unsold Shares,Remained Amount
LMT,2021-09-07,349.20001220703125,2022-06-02,438.8299865722656,99871.20349121094,286,25634.17266845703,[],[],[],[],[],[],0.0,0.0,0,0
XOM,2021-09-03,54.869998931884766,2022-06-02,97.56500244140624,99973.13805389404,1822,77790.29639434812,[],[],[],[],[],[],0.0,0.0,0,0
CRM,2021-09-07,265.2099914550781,2022-06-02,187.759994506836,99984.16677856445,377,-29198.64884948729,"['2021-09-07', '2021-09-08', '2021-09-09', '2021-09-10', '2021-09-13', '2021-09-14', '2021-09-15', '2021-09-16', '2021-09-17', '2021-09-20', '2021-09-21', '2021-09-22', '2022-01-05', '2022-01-06', '2022-01-07', '2022-01-13', '2022-01-14', '2022-01-18', '2022-01-19', '2022-01-20', '2022-01-21', '2022-01-24', '2022-01-25', '2022-01-26', '2022-01-27', '2022-01-28', '2022-02-02', '2022-02-03', '2022-02-04', '2022-02-07', '2022-02-08', '2022-02-09', '2022-02-10', '2022-02-11', '2022-02-14', '2022-02-15', '2022-02-16', '2022-02-17', '2022-02-18', '2022-02-22', '2022-02-23', '2022-02-24', '2022-02-25', '2022-02-28', '2022-03-01', '2022-03-02', '2022-03-03', '2022-03-04', '2022-03-07', '2022-03-08', '2022-03-09', '2022-03-10', '2022-03-11', '2022-03-14', '2022-03-15', '2022-03-16', '2022-03-17', '2022-03-18', '2022-03-21', '2022-03-22', '2022-03-23', '2022-03-24', '2022-03-25', '2022-03-28', '2022-03-29', '2022-03-30', '2022-03-31', '2022-04-01', '2022-04-05', '2022-04-06', '2022-04-07', '2022-04-08', '2022-04-11', '2022-04-12', '2022-04-13', '2022-04-14', '2022-04-18', '2022-04-19', '2022-04-20', '2022-04-21', '2022-04-22', '2022-04-25', '2022-04-26', '2022-04-27', '2022-04-28', '2022-04-29', '2022-05-02', '2022-05-03', '2022-05-04', '2022-05-05', '2022-05-06', '2022-05-09', '2022-05-10', '2022-05-11', '2022-05-12', '2022-05-13', '2022-05-16', '2022-05-17', '2022-05-18', '2022-05-19', '2022-05-20', '2022-05-23', '2022-05-24', '2022-05-25', '2022-05-26', '2022-06-02']","[265.2099914550781, 262.6199951171875, 260.739990234375, 257.20001220703125, 254.1100006103516, 254.3699951171875, 256.1600036621094, 260.3599853515625, 260.5299987792969, 258.2200012207031, 257.9700012207031, 259.1700134277344, 227.6699981689453, 229.1499938964844, 228.3099975585937, 228.6300048828125, 231.22999572753903, 226.0599975585937, 226.2700042724609, 222.94000244140625, 218.6300048828125, 223.02999877929688, 215.38999938964844, 211.0, 212.7400054931641, 222.1300048828125, 225.009994506836, 212.7700042724609, 219.22999572753903, 216.97000122070312, 217.42999267578125, 222.0399932861328, 217.6699981689453, 207.8999938964844, 206.3999938964844, 214.25, 211.7400054931641, 200.02999877929688, 196.83999633789065, 195.1300048828125, 190.5399932861328, 204.2899932861328, 208.08999633789065, 210.52999877929688, 208.88999938964844, 210.38999938964844, 204.75, 203.009994506836, 196.22999572753903, 192.0800018310547, 203.1600036621093, 200.1499938964844, 197.8999938964844, 193.1199951171875, 196.13999938964844, 205.57000732421875, 210.4100036621093, 218.8000030517578, 213.72000122070312, 218.2100067138672, 211.1100006103516, 213.97999572753903, 211.02999877929688, 215.27999877929688, 221.2899932861328, 214.94000244140625, 212.32000732421875, 212.25, 210.13999938964844, 200.82000732421875, 200.1600036621093, 197.1699981689453, 195.4499969482422, 194.8099975585937, 195.72000122070312, 189.4100036621093, 187.009994506836, 191.38999938964844, 186.22999572753903, 177.22999572753906, 171.42999267578125, 174.57000732421875, 170.0800018310547, 174.67999267578125, 185.7400054931641, 175.94000244140625, 177.57000732421875, 178.36000061035156, 185.47999572753903, 172.3000030517578, 169.6999969482422, 163.60000610351562, 167.14999389648438, 161.27000427246094, 160.4199981689453, 166.91000366210938, 164.1199951171875, 163.72999572753906, 157.3300018310547, 157.30999755859375, 159.64999389648438, 160.32000732421875, 156.92999267578125, 159.64999389648438, 162.4600067138672, 187.759994506836]",[],[],"[99984.16677856445, 99795.59814453125, 99863.41625976562, 99793.60473632812, 99865.23023986818, 99967.40808105469, 99902.40142822266, 99978.234375, 99782.9895324707, 99931.14047241211, 99834.39047241211, 99780.45516967773, 99947.12919616699, 99909.3973388672, 99999.77893066403, 99911.31213378906, 99891.35815429686, 99918.51892089841, 99785.07188415526, 99877.12109375, 99913.91223144531, 99917.439453125, 99940.95971679688, 99803.0, 99987.80258178712, 99958.50219726562, 99904.43756103519, 99789.13200378417, 99968.8780517578, 99806.20056152344, 99800.3666381836, 99917.99697875977, 99910.5291595459, 99999.897064209, 99897.59704589845, 99840.5, 99941.28259277345, 99814.96939086914, 99994.71813964845, 99906.5625, 99842.9564819336, 99897.80671691895, 99883.19824218751, 99791.21942138672, 99849.41970825195, 99935.24971008301, 99918.0, 99880.91729736331, 99881.06782531737, 99881.60095214844, 99954.72180175777, 99874.84695434572, 99939.49691772462, 99843.03747558594, 99835.25968933105, 99907.02355957031, 99944.75173950191, 99991.60139465332, 99807.24057006836, 99940.18307495117, 99855.0302886963, 99928.65800476073, 99817.18942260742, 99889.91943359375, 99801.7869720459, 99947.1011352539, 99790.40344238281, 99969.75, 99816.49971008301, 99807.54364013672, 99879.84182739253, 99965.18907165527, 99874.94844055176, 99937.52874755856, 99817.2006225586, 99819.0719299316, 99863.33706665042, 99905.57968139648, 99819.27770996092, 99957.71759033203, 99943.68572998047, 99854.04418945312, 99836.9610748291, 99916.95581054688, 99928.12295532228, 99933.92138671875, 99971.91412353516, 99881.60034179688, 99973.71769714354, 99934.00177001953, 99953.29820251465, 99959.60372924805, 99955.69635009766, 99987.40264892578, 99941.65885925293, 99979.09219360352, 99949.07702636719, 99875.29739379883, 99904.55116271973, 99891.84844970703, 99940.89617919922, 99879.36456298828, 99964.40533447266, 99940.89617919922, 99912.90412902832, 99888.31707763675]","[377, 380, 383, 388, 393, 393, 390, 384, 383, 387, 387, 385, 439, 436, 438, 437, 432, 442, 441, 448, 457, 448, 464, 473, 470, 450, 444, 469, 456, 460, 459, 450, 459, 481, 484, 466, 472, 499, 508, 512, 524, 489, 480, 474, 478, 475, 488, 492, 509, 520, 492, 499, 505, 517, 509, 486, 475, 457, 467, 458, 473, 467, 473, 464, 451, 465, 470, 471, 475, 497, 499, 507, 511, 513, 510, 527, 534, 522, 536, 564, 583, 572, 587, 572, 538, 568, 563, 560, 539, 580, 589, 611, 598, 620, 623, 599, 609, 610, 635, 635, 626, 623, 637, 626, 615, 532]",0.0,10589095.816040039,52697,10589095.816040039
INTU,2021-09-07,560.469970703125,2022-06-02,424.3200073242188,99763.65478515625,178,-24234.693481445298,"['2022-01-25', '2022-01-26', '2022-01-27']","[515.989990234375, 507.4800109863281, 517.219970703125]",[],[],"[99586.06811523438, 99973.56216430664, 99823.45434570312]","[193, 197, 193]",0.0,299383.08462524414,583,299383.08462524414
BLK,2021-09-10,916.6199951171876,2022-06-02,682.989990234375,99911.57946777345,109,-25465.670532226577,[],[],[],[],[],[],0.0,0.0,0,0
AMZN,2021-09-07,3509.2900390625,2022-06-02,2497.02001953125,98260.12109375,28,-28343.560546875,"['2022-03-04', '2022-03-07', '2022-03-08', '2022-03-09', '2022-04-21', '2022-04-22', '2022-04-25', '2022-04-26', '2022-04-27', '2022-04-28', '2022-05-03']","[2912.820068359375, 2749.06005859375, 2720.2900390625, 2785.580078125, 2965.919921875, 2887.0, 2921.47998046875, 2787.820068359375, 2763.340087890625, 2891.929931640625, 2485.070068359375]",[],[],"[99035.88232421875, 98966.162109375, 97930.44140625, 97495.302734375, 97875.357421875, 98158.0, 99330.3193359375, 97573.70239257812, 99480.2431640625, 98325.61767578125, 99402.802734375]","[34, 36, 36, 35, 33, 34, 34, 35, 36, 34, 40]",0.0,1083573.8312988281,387,1083573.8312988281
TM,2021-09-07,181.63999938964844,2022-06-02,170.0399932861328,99901.99966430664,550,-6380.003356933594,[],[],[],[],[],[],0.0,0.0,0,0
SAP,2021-09-03,149.8300018310547,2022-06-02,101.69000244140624,99936.61122131348,667,-32109.379592895522,"['2021-09-20', '2021-11-26', '2021-11-30', '2022-01-27', '2022-01-28']","[139.1699981689453, 130.67999267578125, 128.44000244140625, 122.37999725341795, 121.97000122070312]",[],[],"[99924.05868530273, 99970.19439697266, 99926.32189941406, 99984.45775604247, 99893.43099975586]","[718, 765, 778, 817, 819]",0.0,499698.4637374878,3897,499698.4637374878
TSM,2021-09-07,124.6999969482422,2022-06-02,95.98500061035156,99884.697555542,801,-23000.712066650405,['2022-06-02'],[95.98500061035156],[],[],[99920.38563537598],[1041],0.0,99920.38563537598,1041,99920.38563537598
PEP,2021-09-03,157.08999633789062,2022-06-02,166.25999450683594,99909.23767089844,636,5832.118835449219,[],[],[],[],[],[],0.0,0.0,0,0
QCOM,2021-09-02,145.1199951171875,2022-06-02,145.44000244140625,99987.67663574219,689,220.48504638671875,[],[],[],[],[],[],0.0,0.0,0,0
INTC,2021-09-03,53.5099983215332,2022-06-02,44.52999877929688,99956.67686462402,1868,-16774.639144897446,"['2022-01-18', '2022-01-19', '2022-01-20', '2022-01-24', '2022-01-25', '2022-01-27', '2022-01-28', '2022-01-31', '2022-02-01', '2022-02-03', '2022-02-04', '2022-02-08', '2022-02-09', '2022-02-10', '2022-02-11', '2022-02-14', '2022-02-16', '2022-02-17', '2022-02-18', '2022-02-22', '2022-02-25', '2022-03-07', '2022-03-08', '2022-03-09', '2022-03-10', '2022-03-11', '2022-03-14']","[54.7599983215332, 53.619998931884766, 52.040000915527344, 51.93999862670898, 51.0, 48.04999923706055, 47.72999954223633, 48.81999969482422, 48.95000076293945, 48.27999877929688, 48.0099983215332, 48.810001373291016, 49.90999984741211, 48.86000061035156, 47.630001068115234, 47.58000183105469, 48.22999954223633, 47.56999969482422, 45.040000915527344, 44.68999862670898, 47.709999084472656, 47.68000030517578, 47.5, 47.630001068115234, 46.65999984741211, 45.83000183105469, 44.400001525878906]",[],[],"[99991.75693511963, 99947.6780090332, 99968.84175872803, 99984.49735641478, 99960.0, 99992.048412323, 99994.34904098511, 99983.359375, 99955.90155792236, 99987.87747192384, 99956.81650543213, 99962.8828125, 99969.72969436646, 99967.5612487793, 99975.37224197388, 99965.5838470459, 99980.78905105591, 99992.13935852051, 99988.8020324707, 99971.52692794798, 99952.44808197021, 99984.96063995361, 99987.5, 99975.37224197388, 99992.37967300415, 99955.23399353027, 99988.8034362793]","[1826, 1864, 1921, 1925, 1960, 2081, 2095, 2048, 2042, 2071, 2082, 2048, 2003, 2046, 2099, 2101, 2073, 2102, 2220, 2237, 2095, 2097, 2105, 2099, 2143, 2181, 2252]",0.0,2699334.211704254,55816,2699334.211704254
ABT,2021-09-03,128.94000244140625,2022-06-02,116.93000030517578,99928.50189208984,775,-9307.751655578613,"['2022-03-15', '2022-03-31', '2022-04-29', '2022-05-02', '2022-05-04', '2022-05-05', '2022-05-06', '2022-05-09', '2022-05-10', '2022-05-12', '2022-05-13', '2022-05-16', '2022-05-17', '2022-05-19', '2022-05-20', '2022-05-24', '2022-05-26']","[117.4800033569336, 118.36000061035156, 113.5, 112.83000183105467, 115.6999969482422, 113.01000213623048, 112.2699966430664, 107.38999938964844, 106.75, 107.97000122070312, 109.87999725341795, 109.70999908447266, 114.54000091552734, 112.44280242919922, 113.23999786376952, 113.7699966430664, 114.87000274658205]",[],[],"[99975.48285675049, 99895.84051513672, 99993.5, 99967.38162231444, 99964.79736328126, 99900.84188842775, 99920.2970123291, 99980.0894317627, 99918.0, 99980.2211303711, 99990.79750061034, 99945.80916595459, 99993.42079925537, 99961.6513595581, 99990.91811370848, 99890.0570526123, 99936.90238952638]","[851, 844, 881, 886, 864, 884, 890, 931, 936, 926, 910, 911, 873, 889, 883, 878, 870]",0.0,1699206.0082015991,15107,1699206.0082015991
PM,2021-09-07,106.05999755859376,2022-06-02,106.1050033569336,99908.51770019533,942,42.39546203611826,[],[],[],[],[],[],0.0,0.0,0,0
WMT,2021-09-03,149.25,2022-06-02,127.0500030517578,99997.5,670,-14873.99795532228,[],[],[],[],[],[],0.0,0.0,0,0
RTX,2021-09-03,83.6500015258789,2022-06-02,95.86499786376952,99961.7518234253,1195,14596.920623779282,"['2021-09-03', '2021-09-07', '2021-09-08', '2021-09-09', '2021-09-10', '2021-09-13', '2021-09-14', '2021-09-15', '2021-09-16', '2021-09-17', '2021-09-20', '2021-09-21', '2021-09-22', '2021-09-23']","[83.6500015258789, 83.0, 82.87000274658203, 83.66000366210938, 83.0, 83.63999938964844, 82.73999786376953, 84.87000274658203, 84.0199966430664, 83.38999938964844, 83.44999694824219, 83.11000061035156, 85.2699966430664, 86.75]",[],[],"[99961.7518234253, 99932.0, 99941.22331237793, 99973.7043762207, 99932.0, 99949.79927062988, 99949.9174194336, 99976.86323547363, 99983.79600524902, 99984.60926818848, 99973.09634399414, 99981.33073425293, 99936.43606567383, 99936.0]","[1195, 1204, 1206, 1195, 1204, 1195, 1208, 1178, 1190, 1199, 1198, 1203, 1172, 1152]",0.0,1399412.5278549194,16699,1399412.5278549194
MA,2021-09-07,344.7099914550781,2022-06-02,360.9200134277344,99965.89752197266,290,4700.9063720703125,['2022-06-02'],[360.9200134277344],[],[],[99974.84371948242],[277],0.0,99974.84371948242,277,99974.84371948242
PG,2021-09-07,143.50999450683594,2022-06-02,146.72999572753906,99882.95617675781,696,2241.120849609375,[],[],[],[],[],[],0.0,0.0,0,0
TSLA,2021-09-07,752.9199829101562,2022-06-02,773.6300048828125,99385.43774414062,132,2733.722900390625,[],[],[],[],[],[],0.0,0.0,0,0
TMO,2021-09-07,569.1699829101562,2022-06-02,567.75,99604.74700927734,175,-248.49700927734375,[],[],[],[],[],[],0.0,0.0,0,0
RY,2021-09-02,103.30999755859376,2022-06-02,105.6750030517578,99900.76763916017,967,2286.9603118896193,[],[],[],[],[],[],0.0,0.0,0,0
IBM,2021-09-03,133.44168090820312,2022-06-02,139.7550048828125,99947.81900024414,749,4728.679656982422,[],[],[],[],[],[],0.0,0.0,0,0
SCHW,2021-09-07,72.08000183105469,2022-06-02,71.34500122070312,99974.96253967285,1387,-1019.4458465576172,[],[],[],[],[],[],0.0,0.0,0,0
TXN,2021-09-07,189.4600067138672,2022-06-02,175.64999389648438,99845.42353820801,527,-7277.876754760742,[],[],[],[],[],[],0.0,0.0,0,0
MS,2021-09-07,104.18000030517578,2022-06-02,84.63999938964844,99908.62029266357,959,-18738.860877990723,[],[],[],[],[],[],0.0,0.0,0,0
ANTM,2021-09-08,370.9500122070313,2022-06-30,482.5799865722656,99785.55328369142,269,30028.463104248032,"['2022-06-02', '2022-06-30']","[495.5950012207031, 482.5799865722656]",[],[],"[99614.59524536133, 99894.05722045898]","[201, 207]",0.0,199508.6524658203,408,199508.6524658203
JNJ,2021-09-03,175.0399932861328,2022-06-02,176.0500030517578,99947.83616638184,571,576.715576171875,[],[],[],[],[],[],0.0,0.0,0,0
GSK,2021-09-02,41.43000030517578,2022-06-02,43.21500015258789,99970.59073638916,2413,4307.20463180542,[],[],[],[],[],[],0.0,0.0,0,0
EQNR,2021-09-03,22.350000381469727,2022-06-02,36.72999954223633,99993.90170669556,4474,64336.116245269775,[],[],[],[],[],[],0.0,0.0,0,0
CMCSA,2021-09-03,61.720001220703125,2022-06-02,43.685001373291016,99986.40197753906,1620,-29216.699752807617,['2022-06-02'],[43.685001373291016],[],[],[99994.96814346313],[2289],0.0,99994.96814346313,2289,99994.96814346313
NVS,2021-09-03,91.4000015258789,2022-06-02,89.6449966430664,99991.60166931152,1094,-1919.975341796875,[],[],[],[],[],[],0.0,0.0,0,0
TTE,2021-09-03,44.45000076293945,2022-06-02,58.14500045776367,99968.05171585083,2249,30800.054313659668,[],[],[],[],[],[],0.0,0.0,0,0
CSCO,2021-09-03,59.41999816894531,2022-06-02,45.470001220703125,99944.43692016602,1682,-23463.89486694336,"['2022-05-19', '2022-05-20', '2022-05-23', '2022-05-24', '2022-05-25', '2022-05-26', '2022-06-02']","[41.30500030517578, 42.93999862670898, 43.34999847412109, 43.77000045776367, 44.0, 44.9900016784668, 45.470001220703125]",[],[],"[99999.40573883057, 99964.3168029785, 99965.09648132323, 99970.68104553223, 99968.0, 99967.78372955322, 99988.53268432617]","[2421, 2328, 2306, 2284, 2272, 2222, 2199]",0.0,699823.816482544,16032,699823.816482544
AZN,2021-09-03,58.83000183105469,2022-06-02,66.75,99952.17311096191,1699,13456.076889038086,[],[],[],[],[],[],0.0,0.0,0,0
DE,2021-09-07,371.739990234375,2022-06-02,359.1600036621094,99998.05737304688,269,-3384.016387939453,[],[],[],[],[],[],0.0,0.0,0,0
HON,2021-09-07,222.92999267578125,2022-06-02,196.2400054931641,99872.63671875,448,-11957.114257812485,[],[],[],[],[],[],0.0,0.0,0,0
MSFT,2021-09-07,300.17999267578125,2022-06-02,273.3099975585937,99959.93756103516,333,-8947.708374023452,[],[],[],[],[],[],0.0,0.0,0,0
CAT,2021-09-07,208.22999572753903,2022-06-02,218.7400054931641,99950.39794921874,480,5044.804687500029,[],[],[],[],[],[],0.0,0.0,0,0
NVO,2021-09-07,101.37000274658205,2022-06-02,112.49500274658205,99950.8227081299,986,10969.25,[],[],[],[],[],[],0.0,0.0,0,0
PFE,2021-09-03,46.84000015258789,2022-06-02,52.3849983215332,99956.56032562256,2134,11833.026092529297,[],[],[],[],[],[],0.0,0.0,0,0
UNH,2021-09-07,421.239990234375,2022-06-02,490.7699890136719,99833.87768554688,237,16478.60971069336,['2022-06-02'],[490.7699890136719],[],[],[99626.30776977539],[203],0.0,99626.30776977539,203,99626.30776977539
SPGI,2021-09-07,446.7200012207031,2022-06-02,341.2200012207031,99618.5602722168,223,-23526.5,['2022-06-02'],[341.2200012207031],[],[],[99977.46035766602],[293],0.0,99977.46035766602,293,99977.46035766602
COST,2021-09-03,462.5499877929688,2022-06-02,485.10540771484375,99910.79736328126,216,4871.970703124985,[],[],[],[],[],[],0.0,0.0,0,0
AVGO,2021-09-07,496.5899963378906,2022-06-02,572.0700073242188,99814.58926391602,201,15171.482208251953,['2022-01-25'],[534.1400146484375],[],[],[99884.18273925781],[187],0.0,99884.18273925781,187,99884.18273925781
JPM,2021-09-02,160.4600067138672,2022-06-02,131.16000366210938,99966.58418273926,623,-18253.901901245117,"['2022-01-18', '2022-01-19', '2022-01-20', '2022-01-21', '2022-01-24', '2022-01-27', '2022-01-28', '2022-02-02', '2022-02-03', '2022-02-04', '2022-02-07', '2022-02-14', '2022-02-17', '2022-02-18', '2022-02-23', '2022-02-24', '2022-02-25', '2022-02-28', '2022-03-01', '2022-03-02', '2022-03-03', '2022-03-04', '2022-03-07', '2022-03-08', '2022-03-09', '2022-03-10', '2022-03-14', '2022-03-15', '2022-03-16', '2022-03-17', '2022-03-18', '2022-03-21', '2022-03-22', '2022-03-23', '2022-03-24', '2022-03-28', '2022-03-29', '2022-03-30', '2022-03-31', '2022-04-01', '2022-04-04', '2022-04-05', '2022-04-06', '2022-04-07', '2022-04-08', '2022-04-11', '2022-04-13', '2022-04-14', '2022-04-18', '2022-04-19', '2022-04-20', '2022-04-21', '2022-04-22', '2022-04-25', '2022-04-26', '2022-04-29', '2022-05-02', '2022-05-12', '2022-05-13', '2022-05-16', '2022-05-18', '2022-05-19', '2022-05-20', '2022-05-24']","[151.27000427246094, 148.92999267578125, 147.66000366210938, 145.0800018310547, 144.9499969482422, 145.30999755859375, 146.61000061035156, 149.94000244140625, 148.6999969482422, 152.55999755859375, 153.07000732421875, 152.49000549316406, 151.42999267578125, 152.13999938964844, 148.69000244140625, 144.5500030517578, 147.97000122070312, 141.8000030517578, 136.4499969482422, 139.27999877929688, 138.2899932861328, 134.39999389648438, 129.2100067138672, 128.3000030517578, 133.44000244140625, 131.86000061035156, 130.1699981689453, 132.47999572753906, 138.39999389648438, 140.14999389648438, 140.10000610351562, 139.64999389648438, 142.6199951171875, 139.77999877929688, 140.69000244140625, 140.8699951171875, 141.17999267578125, 140.5399932861328, 136.32000732421875, 135.30999755859375, 135.91000366210938, 133.33999633789062, 131.49000549316406, 131.08999633789062, 133.49000549316406, 133.0, 127.3000030517578, 126.12000274658205, 128.4600067138672, 131.1199951171875, 131.5800018310547, 130.55999755859375, 126.80999755859376, 126.7699966430664, 123.0199966430664, 119.36000061035156, 120.4499969482422, 118.04000091552734, 119.08999633789062, 118.26000213623048, 120.08999633789062, 118.41999816894533, 117.33999633789062, 126.36000061035156]",['2022-06-02'],[131.16000366210938],"[99989.47282409668, 99932.02508544922, 99965.82247924805, 99960.12126159668, 99870.54789733887, 99973.2783203125, 99988.02041625977, 99860.04162597656, 99926.39794921875, 99926.7984008789, 99954.71478271484, 99880.95359802246, 99943.79516601562, 99955.97959899902, 99919.681640625, 99884.05210876465, 99879.75082397461, 99969.00215148926, 99881.39776611328, 99863.75912475586, 99983.66514587402, 99993.59545898438, 99879.33518981934, 99945.70237731934, 99946.56182861328, 99949.88046264648, 99970.55859375, 99889.91677856445, 99924.79559326172, 99926.94564819336, 99891.30435180664, 99989.39562988281, 99976.61657714844, 99942.69912719727, 99889.90173339844, 99876.82653808594, 99955.43481445312, 99923.93522644043, 99922.56536865234, 99994.08819580078, 99893.85269165039, 99871.65725708008, 99932.40417480469, 99890.57720947266, 99984.01411437988, 99883.0, 99930.50239562987, 99887.04217529298, 99941.88522338867, 99913.43627929688, 99869.22138977051, 99878.39813232422, 99926.27807617189, 99894.75735473633, 99892.23727416992, 99904.32051086426, 99973.49746704103, 99979.88077545166, 99916.50692749023, 99929.70180511476, 99914.876953125, 99946.47845458986, 99973.67687988281, 99950.76048278809]","[661, 671, 677, 689, 689, 688, 682, 666, 672, 655, 653, 655, 660, 657, 672, 691, 675, 705, 732, 717, 723, 744, 773, 779, 749, 758, 768, 754, 722, 713, 713, 716, 701, 715, 710, 709, 708, 711, 733, 739, 735, 749, 760, 762, 749, 751, 785, 792, 778, 762, 759, 765, 788, 788, 812, 837, 830, 847, 839, 845, 832, 844, 852, 791]",-197150.00860595703,6395378.30166626,[],[]
AXP,2021-09-07,159.72000122070312,2022-06-02,167.94000244140625,99984.72076416016,626,5145.720764160156,[],[],[],[],[],[],0.0,0.0,0,0
V,2021-09-07,226.2700042724609,2022-06-02,213.8249969482422,99785.07188415526,441,-5488.248229980454,"['2021-11-19', '2021-11-22', '2021-11-23', '2021-11-26', '2021-11-29', '2021-11-30', '2021-12-01', '2021-12-02', '2021-12-03', '2021-12-06', '2021-12-13', '2022-01-25', '2022-03-04', '2022-03-07', '2022-03-08', '2022-03-10', '2022-03-11', '2022-04-26', '2022-05-09', '2022-05-10', '2022-05-11', '2022-05-12', '2022-05-13', '2022-05-16', '2022-05-18', '2022-05-19', '2022-05-20', '2022-05-24']","[200.8600006103516, 195.5800018310547, 198.4900054931641, 197.6499938964844, 196.2899932861328, 193.7700042724609, 190.1600036621093, 198.2899932861328, 196.32000732421875, 202.67999267578125, 211.0200042724609, 202.0, 200.2899932861328, 190.6999969482422, 191.7100067138672, 197.97000122070312, 196.7100067138672, 201.1000061035156, 193.0, 193.5800018310547, 196.72000122070312, 193.97000122070312, 199.22999572753903, 197.8099975585937, 199.9900054931641, 197.67999267578125, 199.02999877929688, 202.6300048828125]",[],[],"[99827.42030334474, 99941.38093566895, 99840.47276306154, 99813.24691772462, 99911.6065826416, 99985.32220458983, 99834.00192260738, 99938.15661621094, 99926.88372802734, 99921.23638916016, 99812.46202087401, 99990.0, 99944.70664978027, 99926.7984008789, 99880.9134979248, 99974.85061645508, 99928.68341064453, 99946.70303344725, 99974.0, 99887.28094482422, 99933.76062011719, 99894.55062866211, 99814.22785949706, 99894.04876708981, 99995.00274658205, 99828.39630126953, 99913.05938720703, 99896.59240722656]","[497, 511, 503, 505, 509, 516, 525, 504, 509, 493, 473, 495, 499, 524, 521, 505, 508, 497, 518, 516, 508, 515, 501, 505, 500, 505, 502, 493]",0.0,2797375.7656555176,14157,2797375.7656555176
ABBV,2021-09-07,109.02999877929688,2022-06-02,146.48500061035156,99980.50888061523,917,34346.23667907715,[],[],[],[],[],[],0.0,0.0,0,0
BAC,2021-09-07,41.31999969482422,2022-06-02,36.505001068115234,99994.39926147461,2420,-11652.296676635742,[],[],[],[],[],[],0.0,0.0,0,0
SONY,2021-09-02,105.41999816894533,2022-06-02,93.55999755859376,99938.15826416017,948,-11243.280578613281,[],[],[],[],[],[],0.0,0.0,0,0
WFC,2021-09-03,44.16999816894531,2022-06-02,45.084999084472656,99956.70585632324,2263,2070.647071838379,[],[],[],[],[],[],0.0,0.0,0,0
AMGN,2021-09-07,221.33999633789065,2022-06-02,247.97999572753903,99824.33834838869,451,12014.639724731416,"['2021-10-13', '2021-10-18', '2021-10-27', '2021-11-30']","[203.6100006103516, 203.1300048828125, 206.5800018310547, 198.8800048828125]","['2022-03-07', '2022-03-16', '2022-03-17', '2022-03-24', '2022-03-25', '2022-03-28', '2022-03-29', '2022-03-30', '2022-04-01', '2022-04-04', '2022-04-26', '2022-04-27', '2022-04-28', '2022-04-29', '2022-05-04', '2022-05-05', '2022-05-06', '2022-05-09', '2022-05-10', '2022-05-11', '2022-05-12', '2022-05-13', '2022-05-16', '2022-05-17', '2022-05-18', '2022-05-19', '2022-05-20', '2022-05-23', '2022-05-24', '2022-05-25', '2022-05-26']","[234.3600006103516, 231.6699981689453, 235.8600006103516, 236.8699951171875, 238.7899932861328, 240.47000122070312, 241.5399932861328, 242.57000732421875, 243.1199951171875, 244.8699951171875, 249.8699951171875, 248.7899932861328, 238.1300048828125, 233.19000244140625, 236.1000061035156, 234.3500061035156, 236.5, 239.2400054931641, 240.7100067138672, 240.63999938964844, 244.72000122070312, 243.3999938964844, 243.8699951171875, 245.3500061035156, 243.9600067138672, 244.1649932861328, 247.5, 249.0399932861328, 251.88999938964844, 253.009994506836, 253.0500030517578]","[99972.51029968263, 99939.96240234375, 99984.72088623047, 99837.76245117188]","[491, 492, 484, 502]",98520.49996948242,399734.9560394287,[],[]
AMD,2021-09-07,109.1500015258789,2022-06-02,108.09500122070312,99981.40139770508,916,-966.3802795410156,[],[],[],[],[],[],0.0,0.0,0,0
CVX,2021-09-07,97.05999755859376,2022-06-02,175.67999267578125,99971.79748535158,1030,80978.59497070311,[],[],[],[],[],[],0.0,0.0,0,0
GS,2021-09-07,410.3200073242188,2022-06-02,322.05499267578125,99707.76177978517,243,-21448.398559570327,[],[],[],[],[],[],0.0,0.0,0,0
C,2021-09-10,69.56999969482422,2022-06-02,52.13999938964844,99972.0895614624,1437,-25046.910438537598,[],[],[],[],[],[],0.0,0.0,0,0
NVDA,2021-09-07,226.6199951171875,2022-06-02,194.3099975585937,99939.41784667969,441,-14248.708923339873,"['2022-01-26', '2022-03-22', '2022-04-12', '2022-04-13', '2022-04-20', '2022-05-16']","[227.72000122070312, 265.239990234375, 215.0399932861328, 222.02999877929688, 214.82000732421875, 172.63999938964844]",[],[],"[99969.08053588867, 99995.47631835938, 99993.59687805176, 99913.4994506836, 99891.30340576172, 99958.55964660645]","[439, 377, 465, 450, 465, 579]",0.0,599721.5162353516,2775,599721.5162353516
AMAT,2021-09-07,136.49000549316406,2022-06-02,116.2699966430664,99910.6840209961,732,-14801.046478271484,[],[],[],[],[],[],0.0,0.0,0,0
GOOG,2021-09-07,2910.3798828125,2022-06-02,2346.884033203125,98952.916015625,34,-19158.85888671875,[],[],[],[],[],[],0.0,0.0,0,0
VZ,2021-09-03,55.43000030517578,2022-06-02,51.20500183105469,99995.72055053711,1804,-7621.897247314453,"['2022-04-29', '2022-05-02']","[46.29999923706055, 46.22999954223633]",[],[],"[99961.69835281372, 99995.48900985718]","[2159, 2163]",0.0,199957.1873626709,4322,199957.1873626709
ADBE,2021-09-07,661.3900146484375,2022-06-02,438.5849914550781,99869.89221191406,151,-33643.558502197266,"['2022-01-05', '2022-01-06', '2022-01-07', '2022-01-25', '2022-02-10', '2022-02-14', '2022-02-18', '2022-02-22', '2022-02-23', '2022-02-25', '2022-03-08', '2022-03-09', '2022-03-11', '2022-03-14', '2022-03-15', '2022-03-23', '2022-05-09', '2022-06-02']","[514.4299926757812, 514.1199951171875, 510.7000122070313, 502.7200012207031, 495.0199890136719, 474.010009765625, 442.55999755859375, 438.3999938964844, 429.4500122070313, 465.5400085449219, 431.5299987792969, 450.8699951171875, 416.3800048828125, 411.5, 421.6600036621094, 422.8999938964844, 376.9100036621094, 438.5849914550781]",[],[],"[99799.41857910156, 99739.27905273438, 99586.50238037111, 99538.56024169922, 99994.03778076172, 99542.10205078125, 99575.9994506836, 99955.19860839844, 99632.40283203126, 99625.56182861328, 99683.42971801758, 99642.26892089844, 99931.201171875, 99994.5, 99933.42086791992, 99804.39855957031, 99881.15097045898, 99997.37805175781]","[194, 194, 195, 198, 202, 210, 225, 228, 232, 214, 231, 221, 240, 243, 237, 236, 265, 228]",0.0,1795856.8110656738,3993,1795856.8110656738
GOOGL,2021-09-07,2885.610107421875,2022-06-02,2345.830078125,98110.74365234375,34,-18352.52099609375,[],[],[],[],[],[],0.0,0.0,0,0
COP,2021-09-03,56.2400016784668,2022-06-02,114.9800033569336,99994.72298431396,1778,104439.72298431396,[],[],[],[],[],[],0.0,0.0,0,0
MDT,2021-09-07,134.57000732421875,2022-06-02,98.4800033569336,99985.51544189453,743,-26814.87294769287,"['2022-01-28', '2022-02-03', '2022-02-04', '2022-02-07', '2022-02-14', '2022-02-17', '2022-02-18', '2022-02-23', '2022-02-24', '2022-03-01']","[103.12999725341795, 102.16999816894533, 102.7300033569336, 101.98999786376952, 102.30999755859376, 101.6999969482422, 100.58000183105467, 103.02999877929688, 103.33000183105467, 103.66000366210938]",[],[],"[99932.967338562, 99922.25820922853, 99956.29326629639, 99950.19790649413, 99956.86761474611, 99971.09700012208, 99976.52182006834, 99939.09881591797, 99920.11177062987, 99928.24353027344]","[969, 978, 973, 980, 977, 983, 994, 970, 967, 964]",0.0,999453.6572723389,9755,999453.6572723389
BMY,2021-09-07,65.19000244140625,2022-06-02,74.8499984741211,99936.27374267578,1533,14808.773918151855,[],[],[],[],[],[],0.0,0.0,0,0
CHTR,2021-09-10,787.1199951171875,2022-06-02,497.8800048828125,99964.23937988281,127,-36733.478759765625,[],[],[],[],[],[],0.0,0.0,0,0
MRK,2021-09-02,77.12000274658203,2022-06-02,89.81500244140625,99947.52355957031,1296,16452.719604492188,[],[],[],[],[],[],0.0,0.0,0,0
LIN,2021-09-07,315.6400146484375,2022-06-02,331.1600036621094,99742.24462890625,316,4904.3165283203125,"['2022-01-26', '2022-02-04', '2022-02-07', '2022-02-08', '2022-02-09', '2022-02-11', '2022-02-14', '2022-02-22', '2022-02-23', '2022-02-24', '2022-03-01', '2022-03-02', '2022-03-03', '2022-03-04', '2022-03-07', '2022-03-08', '2022-03-09', '2022-03-11', '2022-03-14', '2022-04-01', '2022-04-04', '2022-04-05', '2022-04-06', '2022-04-07', '2022-04-08', '2022-04-11', '2022-04-12', '2022-04-13', '2022-04-14', '2022-04-20', '2022-04-21', '2022-04-22', '2022-04-25', '2022-04-26', '2022-04-27', '2022-04-28', '2022-05-04', '2022-05-05', '2022-05-06', '2022-05-09', '2022-05-10', '2022-05-11', '2022-05-12', '2022-05-13', '2022-05-18', '2022-05-19', '2022-05-20', '2022-05-23']","[308.92999267578125, 297.9800109863281, 296.4700012207031, 298.7099914550781, 304.1499938964844, 294.7300109863281, 293.510009765625, 293.5899963378906, 291.0899963378906, 285.25, 282.5599975585937, 290.20001220703125, 287.4100036621094, 281.42999267578125, 270.989990234375, 271.44000244140625, 292.7699890136719, 280.760009765625, 285.3599853515625, 322.7300109863281, 321.44000244140625, 321.7699890136719, 315.04998779296875, 318.04998779296875, 317.82000732421875, 317.1499938964844, 314.0, 319.25, 318.5199890136719, 326.3699951171875, 324.3699951171875, 309.7200012207031, 313.989990234375, 303.5299987792969, 307.0400085449219, 315.19000244140625, 322.239990234375, 312.6099853515625, 308.6600036621094, 300.2699890136719, 299.3800048828125, 300.45001220703125, 301.3399963378906, 308.7699890136719, 310.07000732421875, 311.7300109863281, 315.17999267578125, 320.4200134277344]",[],[],"[99784.38763427734, 99823.30368041992, 99910.39041137695, 99769.1371459961, 99761.19799804688, 99913.47372436523, 99793.4033203125, 99820.59875488281, 99843.86874389648, 99837.5, 99743.67913818358, 99828.80419921875, 99731.27127075195, 99907.64739990234, 99995.30639648438, 99889.9208984375, 99834.56625366211, 99950.5634765625, 99875.99487304688, 99723.57339477539, 99967.84075927734, 99748.69659423828, 99870.8461303711, 99867.69616699219, 99795.48229980469, 99902.24807739258, 99852.0, 99925.25, 99696.7565612793, 99869.21850585938, 99905.95849609375, 99729.8403930664, 99848.81689453125, 99861.36959838867, 99788.00277709961, 99915.23077392578, 99894.39697265625, 99722.58532714844, 99697.18118286133, 99989.90634155273, 99992.92163085938, 99749.40405273438, 99743.5387878418, 99732.70645141602, 99842.54235839844, 99753.603515625, 99912.05767822266, 99971.04418945312]","[323, 335, 337, 334, 328, 339, 340, 340, 343, 350, 353, 344, 347, 355, 369, 368, 341, 356, 350, 309, 311, 310, 317, 314, 314, 315, 318, 313, 313, 306, 308, 322, 318, 329, 325, 317, 310, 319, 323, 333, 334, 332, 331, 323, 322, 320, 317, 312]",0.0,4792285.731231689,15787,4792285.731231689
CVS,2021-09-02,86.95999908447266,2022-06-02,97.02899932861328,99917.03894805908,1149,11569.281280517578,[],[],[],[],[],[],0.0,0.0,0,0
SHEL,2021-08-11,41.86000061035156,2022-06-02,59.21260070800781,99961.68145751953,2388,41438.009033203125,"['2021-10-29', '2021-11-01', '2021-11-02', '2021-11-03', '2021-11-04', '2021-11-19', '2021-11-22', '2021-11-26', '2021-11-29', '2021-11-30', '2021-12-01', '2021-12-02', '2021-12-03', '2021-12-13', '2021-12-14', '2021-12-15', '2021-12-16', '2021-12-17', '2021-12-20']","[45.91999816894531, 46.15999984741211, 45.400001525878906, 44.790000915527344, 44.869998931884766, 43.209999084472656, 43.130001068115234, 42.06999969482422, 42.45000076293945, 42.040000915527344, 41.59000015258789, 43.869998931884766, 43.58000183105469, 42.83000183105469, 42.68000030517578, 42.83000183105469, 42.86000061035156, 42.11000061035156, 41.93000030517578]",[],[],"[99967.83601379395, 99982.55966949463, 99970.80335998535, 99971.28204345703, 99970.35762023926, 99987.93788146973, 99975.34247589111, 99958.31927490234, 99969.75179672241, 99971.12217712402, 99982.36036682129, 99979.72756576538, 99972.52420043945, 99965.22427368164, 99999.24071502686, 99965.22427368164, 99992.3814239502, 99969.14144897461, 99961.12072753906]","[2177, 2166, 2202, 2232, 2228, 2314, 2318, 2376, 2355, 2378, 2404, 2279, 2294, 2334, 2343, 2334, 2333, 2374, 2384]",0.0,1899512.25730896,43825,1899512.25730896
NEE,2021-09-07,85.02999877929688,2022-06-02,78.36499786376953,99995.27856445312,1176,-7838.041076660156,"['2022-01-25', '2022-01-26', '2022-01-27', '2022-01-28', '2022-02-01', '2022-02-02', '2022-02-03', '2022-02-04', '2022-02-07', '2022-02-08', '2022-02-09', '2022-02-10', '2022-02-11', '2022-02-14', '2022-02-15', '2022-02-16', '2022-02-17', '2022-02-18', '2022-02-22', '2022-02-23', '2022-02-24', '2022-02-25', '2022-02-28', '2022-03-01', '2022-03-02', '2022-03-03', '2022-03-04', '2022-03-11', '2022-03-14', '2022-04-21', '2022-04-22', '2022-04-25', '2022-04-26', '2022-04-27', '2022-04-28', '2022-04-29', '2022-05-02', '2022-05-03', '2022-05-04', '2022-05-05', '2022-05-06', '2022-05-09', '2022-05-10', '2022-05-11', '2022-05-12', '2022-05-13', '2022-05-16', '2022-05-17', '2022-05-18', '2022-05-19', '2022-05-20', '2022-05-23', '2022-05-24', '2022-05-25', '2022-05-26']","[75.0999984741211, 72.63999938964844, 72.51000213623047, 72.5, 77.2300033569336, 77.7300033569336, 75.7699966430664, 76.01000213623047, 75.68000030517578, 75.45999908447266, 76.66000366210938, 75.44999694824219, 74.95999908447266, 74.91999816894531, 75.08999633789062, 75.2300033569336, 75.37999725341797, 74.1500015258789, 73.77999877929688, 72.31999969482422, 75.44000244140625, 77.16000366210938, 78.2699966430664, 77.44000244140625, 77.55000305175781, 78.79000091552734, 80.20999908447266, 79.30000305175781, 79.27999877929688, 76.18000030517578, 73.94999694824219, 74.04000091552734, 73.56999969482422, 73.2699966430664, 73.48999786376953, 71.0199966430664, 69.87000274658203, 70.76000213623047, 73.05999755859375, 71.83999633789062, 72.47000122070312, 70.70999908447266, 69.98999786376953, 70.19999694824219, 68.51000213623047, 69.80000305175781, 70.12000274658203, 72.0199966430664, 71.0, 69.9000015258789, 71.22000122070312, 72.55000305175781, 74.66999816894531, 74.79000091552734, 75.04000091552734]",[],[],"[99958.09796905518, 99952.63916015625, 99991.29294586182, 99977.5, 99935.62434387207, 99960.7843170166, 99940.62557220459, 99953.15280914307, 99973.2804031372, 99984.49878692627, 99964.64477539062, 99971.2459564209, 99996.63877868652, 99943.27755737305, 99944.78512573242, 99980.67446136475, 99953.87635803223, 99954.20205688477, 99971.89834594727, 99946.23957824707, 99958.00323486328, 99999.36474609375, 99950.7857131958, 99975.04315185547, 99961.95393371582, 99984.5111618042, 99941.65885925293, 99997.3038482666, 99972.07846069336, 99948.16040039062, 99980.39587402344, 99954.00123596191, 99981.62958526611, 99940.27542114258, 99946.39709472656, 99996.1552734375, 99983.97393035889, 99983.88301849365, 99946.07666015625, 99929.43490600586, 99936.13168334961, 99983.93870544434, 99945.71694946289, 99964.79565429688, 99956.09311676025, 99953.60437011719, 99991.12391662598, 99963.75534057617, 99968.0, 99957.00218200684, 99992.88171386719, 99973.90420532227, 99983.12754821777, 99994.23122406006, 99953.28121948242]","[1331, 1376, 1379, 1379, 1294, 1286, 1319, 1315, 1321, 1325, 1304, 1325, 1334, 1334, 1331, 1329, 1326, 1348, 1355, 1382, 1325, 1296, 1277, 1291, 1289, 1269, 1246, 1261, 1261, 1312, 1352, 1350, 1359, 1364, 1360, 1408, 1431, 1413, 1368, 1391, 1379, 1414, 1428, 1424, 1459, 1432, 1426, 1388, 1408, 1430, 1404, 1378, 1339, 1337, 1332]",0.0,5498103.653640747,74294,5498103.653640747
AMT,2021-09-07,299.2200012207031,2022-06-02,261.75,99939.48040771484,334,-12514.980407714844,[],[],[],[],[],[],0.0,0.0,0,0
FB,2021-09-08,377.5700073242188,2022-06-30,161.25,99678.48193359376,264,-57108.481933593765,['2022-01-20'],[316.5599975585937],[],[],[99716.39923095702],[315],0.0,99716.39923095702,315,99716.39923095702
NKE,2021-09-07,162.63999938964844,2022-06-02,122.66999816894533,99860.95962524414,614,-24541.580749511704,[],[],[],[],[],[],0.0,0.0,0,0
FMX,2021-09-02,86.0,2022-05-26,75.0,99932.0,1162,-12782.0,[],[],[],[],[],[],0.0,0.0,0,0
TMUS,2021-09-07,134.47000122070312,2022-06-02,135.55999755859375,99911.21090698242,743,809.8672790527344,"['2021-09-15', '2021-10-08', '2021-10-13', '2021-10-21', '2021-11-30', '2021-12-01', '2022-01-21']","[127.06999969482422, 121.22000122070312, 116.45999908447266, 116.8499984741211, 108.80999755859376, 106.72000122070312, 101.62000274658205]",[],[],"[99877.01976013184, 99885.28100585938, 99922.67921447754, 99906.74869537354, 99996.38775634767, 99996.64114379883, 99994.08270263673]","[786, 824, 858, 855, 919, 937, 984]",0.0,699578.8402786255,6163,699578.8402786255
ASML,2021-09-07,861.77001953125,2022-06-02,578.6400146484375,99965.322265625,116,-32843.08056640625,"['2022-03-04', '2022-03-07', '2022-03-08', '2022-03-11', '2022-04-26', '2022-04-27', '2022-05-09', '2022-05-10']","[594.3200073242188, 574.3400268554688, 573.0399780273438, 585.8499755859375, 560.4299926757812, 556.8800048828125, 512.6599731445312, 523.3699951171875]",[],[],"[99845.76123046875, 99935.16467285156, 99708.95617675781, 99594.49584960938, 99756.53869628906, 99681.52087402344, 99968.6947631836, 99963.66906738281]","[168, 174, 174, 170, 178, 179, 195, 191]",0.0,798454.8013305664,1429,798454.8013305664
UPS,2021-09-07,195.5599975585937,2022-06-02,183.1699981689453,99931.15875244138,511,-6331.2896881103225,[],[],[],[],[],[],0.0,0.0,0,0
MCD,2021-09-02,239.8699951171875,2022-06-02,249.8999938964844,99785.91796875,416,4172.479492187515,"['2022-04-01', '2022-04-04', '2022-04-05', '2022-04-06', '2022-04-07', '2022-04-08', '2022-04-11', '2022-04-12', '2022-04-13', '2022-04-14', '2022-04-18', '2022-04-19', '2022-04-20', '2022-04-21', '2022-04-22', '2022-04-25', '2022-04-26', '2022-04-27', '2022-04-28', '2022-04-29', '2022-05-02', '2022-05-03', '2022-05-04', '2022-05-05', '2022-05-06', '2022-05-09', '2022-05-10', '2022-05-11', '2022-05-12', '2022-05-13', '2022-05-16', '2022-05-17', '2022-05-18', '2022-05-19', '2022-05-23', '2022-05-24', '2022-05-25', '2022-05-26']","[249.25, 246.8300018310547, 248.509994506836, 251.4600067138672, 254.3600006103516, 251.4600067138672, 250.4499969482422, 249.1699981689453, 251.3300018310547, 250.509994506836, 251.0599975585937, 255.3999938964844, 255.8500061035156, 255.25, 250.1699981689453, 252.8800048828125, 248.5800018310547, 247.13999938964844, 254.19000244140625, 249.1600036621093, 246.63999938964844, 245.8699951171875, 254.32000732421875, 248.9199981689453, 250.77999877929688, 247.4900054931641, 245.67999267578125, 244.42999267578125, 244.19000244140625, 245.0399932861328, 244.0399932861328, 241.6300048828125, 231.0500030517578, 229.5, 238.0, 244.5200042724609, 244.009994506836, 248.08999633789065]",[],[],"[99949.25, 99966.15074157715, 99901.01779174808, 99829.62266540527, 99963.48023986818, 99829.62266540527, 99929.54878234863, 99917.16926574707, 99778.01072692871, 99953.48780822757, 99921.87902832028, 99861.3976135254, 99781.50238037108, 99802.75, 99817.82926940918, 99887.60192871094, 99929.16073608398, 99844.55975341797, 99896.67095947266, 99913.16146850583, 99889.19975280762, 99823.21801757812, 99947.76287841797, 99816.91926574707, 99810.43951416016, 99985.9622192383, 99991.75701904297, 99971.86700439453, 99873.71099853516, 99976.31726074219, 99812.35725402832, 99793.19201660156, 99813.60131835938, 99832.5, 99960.0, 99764.16174316405, 99800.08775329593, 99980.26852416994]","[401, 405, 402, 397, 393, 397, 399, 401, 397, 399, 398, 391, 390, 391, 399, 395, 402, 404, 393, 401, 405, 406, 393, 401, 398, 404, 407, 409, 409, 408, 409, 413, 432, 435, 420, 408, 409, 403]",0.0,3795517.1963653564,15324,3795517.1963653564
DIS,2021-09-07,184.33999633789065,2022-06-02,110.54000091552734,99912.27801513673,542,-39999.59751892091,"['2021-10-01', '2021-10-04', '2021-10-05', '2021-10-06', '2021-10-07', '2021-10-08', '2021-10-13', '2021-10-14', '2021-10-15', '2021-10-18', '2021-10-19', '2021-10-20', '2021-10-21', '2021-10-22', '2021-10-25', '2021-10-26', '2021-10-27', '2021-10-28', '2021-10-29', '2021-11-01', '2021-11-02', '2021-11-03', '2021-11-04', '2021-11-05', '2021-11-08', '2021-11-09', '2021-11-10', '2021-11-15', '2021-11-16', '2021-11-17', '2021-11-18', '2021-11-19', '2021-11-22', '2021-11-23', '2021-11-24', '2021-11-26', '2021-11-29', '2021-11-30', '2021-12-01', '2021-12-02', '2021-12-03', '2021-12-06', '2021-12-07', '2021-12-08', '2021-12-09', '2021-12-10', '2021-12-13', '2021-12-14', '2021-12-15', '2021-12-16', '2021-12-17', '2021-12-20', '2021-12-21', '2021-12-22', '2021-12-23', '2021-12-27', '2021-12-28', '2021-12-29', '2021-12-30', '2021-12-31']","[176.00999450683594, 173.4600067138672, 174.61000061035156, 175.47999572753906, 177.7100067138672, 176.74000549316406, 172.9600067138672, 174.41000366210938, 176.4600067138672, 171.13999938964844, 171.17999267578125, 170.5500030517578, 171.33999633789062, 169.4199981689453, 172.00999450683594, 172.0399932861328, 169.5500030517578, 169.67999267578125, 169.07000732421875, 170.19000244140625, 169.8300018310547, 170.0800018310547, 170.27999877929688, 175.6300048828125, 176.8699951171875, 175.11000061035156, 174.4499969482422, 158.42999267578125, 158.8300018310547, 157.3300018310547, 155.5800018310547, 154.0, 154.16000366210938, 151.02999877929688, 151.33999633789062, 148.11000061035156, 147.80999755859375, 144.89999389648438, 142.14999389648438, 147.1999969482422, 146.22000122070312, 150.3699951171875, 150.80999755859375, 153.33999633789062, 152.94000244140625, 152.7100067138672, 150.42999267578125, 149.10000610351562, 150.39999389648438, 148.75, 148.75999450683594, 146.47000122070312, 151.0500030517578, 151.8800048828125, 153.6300048828125, 152.8000030517578, 155.1999969482422, 154.8699951171875, 155.92999267578125, 154.88999938964844]","['2022-01-03', '2022-01-04', '2022-01-05', '2022-01-06', '2022-01-07', '2022-01-10', '2022-01-11', '2022-01-12', '2022-01-13', '2022-01-18', '2022-02-04', '2022-02-09', '2022-02-11', '2022-02-14', '2022-02-15', '2022-02-16', '2022-02-17', '2022-02-18', '2022-02-25', '2022-02-28', '2022-03-02', '2022-06-02']","[156.75999450683594, 155.72999572753906, 155.19000244140625, 156.89999389648438, 157.8300018310547, 156.60000610351562, 157.88999938964844, 157.8000030517578, 155.44000244140625, 152.27000427246094, 142.02000427246094, 147.22999572753906, 149.47000122070312, 150.85000610351562, 154.72000122070312, 156.35000610351562, 152.9499969482422, 151.36000061035156, 149.52999877929688, 148.4600067138672, 147.33999633789062, 110.54000091552734]","[99973.67687988281, 99912.9638671875, 99876.9203491211, 99848.11756896973, 99873.02377319336, 99858.1031036377, 99970.88388061523, 99936.93209838867, 99876.36380004883, 99945.75964355469, 99969.11572265625, 99942.30178833008, 99891.21786499023, 99957.79891967773, 99937.80680847168, 99955.23609924316, 99864.95179748535, 99941.51568603516, 99920.37432861328, 99901.53143310547, 99860.04107666016, 99836.9610748291, 99954.35928344727, 99933.47277832031, 99931.54724121094, 99987.81034851074, 99959.84825134277, 99969.32537841797, 99904.0711517334, 99904.55116271973, 99882.36117553711, 99946.0, 99895.68237304688, 99981.85919189453, 99884.39758300781, 99974.2504119873, 99919.55834960938, 99980.99578857422, 99931.44570922852, 99948.79792785645, 99868.26083374023, 99996.04675292969, 99987.02838134766, 99977.67761230469, 99869.82159423828, 99872.34439086914, 99885.51513671875, 99897.00408935547, 99865.59594726562, 99960.0, 99966.71630859375, 99892.54083251953, 99995.10202026367, 99937.04321289062, 99859.50317382812, 99931.20199584961, 99948.79803466797, 99891.14685058594, 99951.12530517578, 99904.04960632324]","[568, 576, 572, 569, 562, 565, 578, 573, 566, 584, 584, 586, 583, 590, 581, 581, 589, 589, 591, 587, 588, 587, 587, 569, 565, 571, 573, 631, 629, 635, 642, 649, 648, 662, 660, 675, 676, 690, 703, 679, 683, 665, 663, 652, 653, 654, 664, 670, 664, 672, 672, 682, 662, 658, 650, 654, 644, 645, 641, 645]",-1862749.979522705,5995398.45375061,[],[]
TD,2021-09-07,65.5999984741211,2022-06-02,76.9749984741211,99974.39767456055,1524,17335.5,[],[],[],[],[],[],0.0,0.0,0,0
ACN,2021-09-07,341.489990234375,2022-06-02,305.0111083984375,99715.0771484375,292,-10651.83349609375,"['2022-03-11', '2022-03-14', '2022-05-02', '2022-05-03', '2022-05-06', '2022-05-13', '2022-05-16', '2022-05-17', '2022-05-19', '2022-05-20', '2022-05-23', '2022-05-24', '2022-05-25', '2022-05-26', '2022-06-02']","[311.5799865722656, 307.67999267578125, 304.6000061035156, 304.82000732421875, 295.739990234375, 286.7699890136719, 286.1700134277344, 291.07000732421875, 275.6400146484375, 276.6499938964844, 283.3900146484375, 279.3099975585937, 279.6400146484375, 291.54998779296875, 305.0111083984375]",[],[],"[99705.595703125, 99995.9976196289, 99908.80200195312, 99980.96240234375, 99960.11669921875, 99795.95617675781, 99873.3346862793, 99837.01251220703, 99781.68530273438, 99870.64779663086, 99753.28515625, 99992.97912597655, 99831.48522949219, 99710.09582519531, 99738.63244628906]","[320, 325, 328, 328, 338, 348, 349, 343, 362, 361, 352, 358, 357, 342, 327]",0.0,1497736.588684082,5138,1497736.588684082
LOW,2021-09-07,205.1499938964844,2022-06-02,195.2100067138672,99908.0470275879,487,-4840.773757934585,[],[],[],[],[],[],0.0,0.0,0,0
DHR,2021-09-03,332.42999267578125,2022-06-02,272.44000244140625,99728.99780273438,300,-17996.9970703125,"['2022-01-26', '2022-02-04', '2022-02-07', '2022-02-08', '2022-02-10', '2022-02-11', '2022-02-14', '2022-02-15', '2022-02-16', '2022-02-17', '2022-02-18', '2022-02-22', '2022-02-23', '2022-02-24', '2022-02-25', '2022-02-28', '2022-03-01', '2022-03-02', '2022-03-03', '2022-03-04', '2022-03-07', '2022-03-08', '2022-03-09', '2022-03-10', '2022-03-11', '2022-03-14', '2022-03-15', '2022-03-16', '2022-03-17', '2022-03-18', '2022-03-21', '2022-03-22', '2022-03-23', '2022-03-24', '2022-03-25', '2022-03-28', '2022-03-29', '2022-03-30', '2022-03-31', '2022-04-01', '2022-04-04', '2022-04-05', '2022-04-06', '2022-04-07', '2022-04-08', '2022-04-11', '2022-04-12', '2022-04-13', '2022-04-14', '2022-04-18', '2022-04-19', '2022-04-20', '2022-04-21', '2022-04-22', '2022-04-25', '2022-04-26', '2022-04-27', '2022-04-28', '2022-04-29', '2022-05-02', '2022-05-03', '2022-05-04', '2022-05-05', '2022-05-06', '2022-05-09', '2022-05-10', '2022-05-11', '2022-05-12', '2022-05-13', '2022-05-16', '2022-05-17', '2022-05-18', '2022-05-19', '2022-05-20', '2022-05-23', '2022-05-24', '2022-05-25', '2022-05-26', '2022-06-02']","[266.7699890136719, 287.6300048828125, 285.1499938964844, 285.6199951171875, 282.20001220703125, 272.6600036621094, 271.5, 269.07000732421875, 267.69000244140625, 269.2699890136719, 266.92999267578125, 266.17999267578125, 262.3900146484375, 271.5599975585937, 279.25, 274.4100036621094, 272.0299987792969, 274.5, 276.57000732421875, 272.5400085449219, 263.0199890136719, 257.2699890136719, 264.82000732421875, 263.8299865722656, 262.5199890136719, 266.8500061035156, 270.8900146484375, 277.9200134277344, 281.3999938964844, 292.19000244140625, 289.2699890136719, 293.8999938964844, 286.04998779296875, 286.5299987792969, 287.5299987792969, 291.4700012207031, 295.8399963378906, 297.3599853515625, 293.3299865722656, 291.69000244140625, 289.25, 287.3699951171875, 289.3299865722656, 299.6600036621094, 299.2900085449219, 291.1199951171875, 280.739990234375, 283.7200012207031, 276.9800109863281, 275.07000732421875, 273.1000061035156, 280.3800048828125, 278.239990234375, 264.5599975585937, 260.4599914550781, 250.97999572753903, 252.27999877929688, 257.0, 251.1300048828125, 250.5200042724609, 248.509994506836, 256.6300048828125, 251.9100036621093, 249.2400054931641, 239.3699951171875, 240.4499969482422, 237.1100006103516, 239.5500030517578, 249.19000244140625, 246.3699951171875, 248.97000122070312, 243.6000061035156, 248.1300048828125, 251.8000030517578, 253.1199951171875, 252.0, 250.32000732421875, 251.7100067138672, 272.44000244140625]",[],[],"[99771.97589111328, 99807.61169433594, 99802.49786376953, 99966.99829101562, 99898.80432128906, 99793.56134033203, 99912.0, 99824.97271728516, 99848.37091064453, 99899.16592407227, 99831.81726074219, 99817.49725341797, 99970.59558105469, 99934.07910156249, 99971.5, 99885.24133300781, 99835.00955200195, 99918.0, 99841.77264404297, 99749.6431274414, 99947.59582519531, 99820.75573730469, 99837.14276123047, 99991.56491088867, 99757.59582519531, 99801.90228271484, 99958.41540527344, 99773.28482055664, 99896.99783325195, 99928.98083496094, 99798.1462097168, 99925.99792480469, 99831.4457397461, 99998.96957397461, 99772.90957641602, 99974.21041870117, 99993.91876220703, 99912.955078125, 99732.19543457031, 99757.98083496094, 99791.25, 99717.38830566406, 99818.84536743164, 99786.78121948242, 99962.8628540039, 99854.15832519531, 99943.4365234375, 99869.4404296875, 99989.78396606445, 99850.4126586914, 99954.60223388672, 99815.28173828125, 99888.15649414062, 99739.11907958983, 99756.17672729492, 99890.03829956053, 99902.87951660156, 99973.0, 99949.74194335938, 99957.4817047119, 99901.01779174808, 99829.07189941406, 99756.36145019528, 99945.2422027588, 99817.28796386719, 99786.74873352051, 99823.31025695802, 99892.35127258301, 99925.1909790039, 99779.84802246094, 99836.97048950195, 99876.00250244139, 99996.39196777344, 99964.60121154785, 99982.39807128906, 99792.0, 99877.68292236328, 99928.87266540527, 99985.4808959961]","[374, 347, 350, 350, 354, 366, 368, 371, 373, 371, 374, 375, 381, 368, 358, 364, 367, 364, 361, 366, 380, 388, 377, 379, 380, 374, 369, 359, 355, 342, 345, 340, 349, 349, 347, 343, 338, 336, 340, 342, 345, 347, 345, 333, 334, 343, 356, 352, 361, 363, 366, 356, 359, 377, 383, 398, 396, 389, 398, 399, 402, 389, 396, 401, 417, 415, 421, 417, 401, 405, 401, 410, 403, 397, 395, 396, 399, 397, 367]",0.0,7889801.749282837,29363,7889801.749282837
AAPL,2021-09-07,156.69000244140625,2022-06-02,150.49000549316406,99968.22155761719,638,-3955.5980529785156,[],[],[],[],[],[],0.0,0.0,0,0
