date,close,actual lb,predicted lb,actual ub,predicted ub,actual ub close diff,predicted ub close diff,actual lb close diff,predicted lb close diff,predicted lb ub diff,predicted lb %,predicted ub %,invest,exit
2021-06-30,57.02000045776367,0.9931603053925382,0.9775714788021116,1.0487548010694263,1.0621963377603865,2.779998779296868,3.5464352075684573,0.3899993896484375,1.278874288970556,2.2675609185979013,0.022428521197888407,0.062196337760386466,False,False
2021-07-01,57.75,0.9806060791015624,0.9724497994554551,1.0354978222867628,1.0487038331913623,2.049999237060554,2.812646366801175,1.1199989318847727,1.5910240814474719,1.2216222853537033,0.027550200544544934,0.04870383319136229,False,False
2021-07-02,58.41999816894531,0.969359856950807,0.9592960327756551,1.0386854194978703,1.0462507257912803,2.2600021362304616,2.7019673160389885,1.7899971008300781,2.3779256907150383,0.3240416253239502,0.040703967224344884,0.04625072579128031,False,False
2021-07-06,57.65999984741211,0.9821366843214948,0.9535217357299862,1.0709330586786578,1.053581390024972,4.0900001525878835,3.089502940664012,1.029998779296882,2.679936710716973,0.40956622994703906,0.04647826427001378,0.053581390024971975,False,False
2021-07-07,58.16999816894531,0.973525921449105,0.9588980187279001,1.0615437844893367,1.0503002891034336,3.5800018310546804,2.9259677250441527,1.5399971008300781,2.39090217533807,0.5350655497060828,0.04110198127209985,0.05030028910343365,False,False
2021-07-08,58.22999954223633,0.9725227805821884,0.9522849115733232,1.060449948230044,1.0475306704544538,3.520000457763672,2.7677109188050295,1.5999984741210938,2.7784495772431583,-0.010738658438128823,0.04771508842667682,0.047530670454453805,False,False
2021-07-09,58.02999877929688,0.9758745865822572,0.9375076974348721,1.0641047957772882,1.0473006876573887,3.720001220703111,2.744858847018172,1.3999977111816477,3.626428241569826,-0.8815693945516543,0.062492302565127944,0.04730068765738871,False,False
2021-07-12,58.2599983215332,0.9720220168146568,0.9481910926245841,1.059903909698138,1.0463400217891863,3.490001678466797,2.6997695916578053,1.6299972534179759,3.0183868567321994,-0.31861726507439414,0.05180890737541588,0.04634002178918628,False,False
2021-07-14,57.77000045776367,0.9802665850681116,0.9344488326397772,1.0688938810922488,1.066119313374923,3.979999542236328,3.819712763936316,1.1399993896484304,3.7868909684070147,0.03282179552930131,0.06555116736022282,0.06611931337492294,False,False
2021-07-15,57.95000076293945,0.9772217484478724,0.9432595681764423,1.0655737564630154,1.0620461226190667,3.799999237060554,3.595572853112351,1.3199996948242259,3.288108067464684,0.3074647856476673,0.0567404318235577,0.062046122619066724,False,False
2021-07-16,57.54999923706055,0.9659426740146596,0.9426018268600912,1.072980031600674,1.0702744688585861,4.200000762939439,4.044295629196469,1.9599990844726634,3.303264820410419,0.74103080878605,0.057398173139908804,0.07027446885858613,False,False
2021-07-19,56.630001068115234,0.9816351598814836,0.963042892022061,1.090411422131643,1.0881118644175785,5.1199989318847585,4.989774976081094,1.0400009155273438,2.0928810642651356,2.8968939118159582,0.03695710797793905,0.08811186441757846,False,False
2021-07-20,57.08000183105469,0.9738962573463662,0.964600407086355,1.081814961792881,1.0778078667152526,4.6699981689453125,4.441273174577077,1.4900016784667969,2.0206088283294505,2.4206643462476265,0.03539959291364503,0.07780786671525264,False,False
2021-07-21,57.810001373291016,0.9615983191841128,0.9636514155393797,1.0681542731899902,1.0704035130736975,3.9399986267089844,4.070027187474963,2.220001220703125,2.101311717585645,1.9687154698893181,0.03634858446062028,0.07040351307369752,False,False
2021-07-22,57.790000915527344,0.9619311173544496,0.9613925007023897,1.0685239491562053,1.0637026484321361,3.9599990844726562,3.681376111214661,2.2000007629394602,2.2311274197551185,1.4502486914595423,0.038607499297610315,0.06370264843213613,False,False
2021-07-23,58.36000061035156,0.9525359762029828,0.9693986313740407,1.0580877202569312,1.0563006235663326,3.3899993896484375,3.285704425694341,2.7700004577636648,1.7858958916885754,1.4998085340057656,0.030601368625959302,0.056300623566332586,False,False
2021-07-26,58.70000076293945,0.94701872964344,0.9692033327536681,1.0519591004671025,1.0557845194295927,3.049999237060568,3.274551333077305,3.1100006103515696,1.8077643908556738,1.4667869422216313,0.0307966672463319,0.05578451942959273,False,False
2021-07-27,58.560001373291016,0.9492827672292758,0.9606143202513181,1.0544740189873685,1.0484391158536128,3.1899986267089773,2.8365946909085693,2.970001220703125,2.3064254601708143,0.530169230737755,0.0393856797486819,0.048439115853612824,False,False
2021-07-28,57.97999954223633,0.9587788994736468,0.9642095745170057,1.0650224299332285,1.0611772117649927,3.770000457763679,3.547054710129572,2.3899993896484375,2.0751288531204537,1.4719258570091185,0.03579042548299427,0.06117721176499269,False,False
2021-07-29,58.11000061035156,0.956633962634742,0.9781225717207707,1.0626398098677703,1.051181449800075,3.6399993896484375,2.9741540791210426,2.520000457763672,1.2712973706589423,1.7028567084621002,0.02187742827922934,0.05118144980007511,False,False
2021-07-30,58.83000183105469,0.9306475997948896,0.9699156174555569,1.0496345075312223,1.0449635737573173,2.9199981689453054,2.6452071264737427,4.08000183105468,1.7698642801757387,0.875342846298004,0.030084382544443122,0.0449635737573173,False,False
2021-08-02,58.470001220703125,0.9363776100044624,0.9676880252155909,1.056097121785855,1.0452540688499827,3.279998779296875,2.6460054609002768,3.720001220703132,1.8892812050877268,0.75672425581255,0.03231197478440906,0.04525406884998273,False,False
2021-08-03,58.22999954223633,0.940236998633116,0.9734757065314271,1.060449948230044,1.0496507637264374,3.520000457763672,2.8911639490621326,3.479999542236321,1.544509596533139,1.3466543525289936,0.02652429346857288,0.0496507637264374,False,False
2021-08-04,57.970001220703125,0.9444540080576512,0.9739724250022981,1.0652061186768942,1.0514517488477098,3.779998779296868,2.9826579435090466,3.220001220703125,1.508818554388725,1.4738393891203216,0.02602757499770192,0.051451748847709755,False,False
2021-08-05,58.34000015258789,0.9384641730682504,0.985996083606741,1.0584504600358806,1.039643265548438,3.4099998474121094,2.312788118144958,3.5900001525878977,0.8169884845195625,1.4957996336253956,0.014003916393259042,0.039643265548438,False,False
2021-08-06,58.68999862670898,0.9328676313017336,0.9661541679238923,1.0521383786827772,1.0401785887477064,3.0600013732910227,2.358081318425995,3.9399986267089773,1.98641183806658,0.37166948035941516,0.033845832076107696,0.04017858874770641,False,False
2021-08-09,58.27999877929688,0.9385724418095016,0.9580236510481871,1.059540173187783,1.0398012070122644,3.470001220703111,2.3196142960893127,3.579998016357436,2.446381565670997,-0.12676726958168416,0.0419763489518129,0.03980120701226442,False,False
2021-08-10,58.45000076293945,0.9358426013506964,0.9669271137833668,1.056458497758531,1.0406474048279324,3.299999237060547,2.375840843204159,3.750000000000007,1.9331102245948202,0.44273061860933893,0.03307288621663318,0.04064740482793239,False,False
2021-08-11,59.09000015258789,0.9257065598525612,0.9652493867898526,1.0450160744718768,1.0320014305639886,2.6599998474121094,1.8909645369091166,4.3899993896484375,2.053413739890132,-0.16244920298101562,0.034750613210147385,0.03200143056398863,False,False
2021-08-12,59.02999877929688,0.8846349703638793,0.9596346227974993,1.0460782869210743,1.0313188031029572,2.7200012207031037,1.8487489089366065,6.809997558593757,2.3827681669894716,-0.5340192580528651,0.04036537720250066,0.031318803102957204,False,False
2021-08-13,59.31999969482422,0.8803102071704734,0.9670715494128428,1.040964266987139,1.032693028774236,2.4300003051757884,1.9393504569105602,7.099998474121094,1.9533156787812018,-0.013965221870641642,0.03292845058715721,0.032693028774235966,False,False
2021-08-16,59.25,0.8813502315730485,0.9584773725969744,1.042194092827004,1.0308674828295892,2.499999999999986,1.8288983576531592,7.029998779296875,2.460215673629264,-0.631317315976105,0.04152262740302559,0.030867482829589177,False,False
2021-08-17,59.470001220703125,0.8780897956754021,0.9666015038447244,1.0383386368336436,1.0316581574735104,2.279998779296875,1.882710663594878,7.25,1.986208607123885,-0.10349794352900687,0.03339849615527557,0.03165815747351042,False,False
2021-08-18,59.02999877929688,0.8846349703638793,0.9193712145913002,1.0460782869210743,1.0478037916246872,2.7200012207031037,2.821857761251046,6.809997558593757,4.759517104251735,-1.9376593430006892,0.08062878540869978,0.047803791624687175,False,False
2021-08-19,58.959999084472656,0.8856852447688633,0.9474527466847004,1.0473202333590623,1.0500516184645665,2.7900009155273438,2.951043378847217,6.739997863769531,3.098186007361619,-0.14714262851440196,0.052547253315299636,0.050051618464566516,False,False
2021-08-20,59.40999984741211,0.8789766260700945,0.9819050750038095,1.039387311203466,1.0433044873943045,2.3400001525878835,2.572719589487889,7.189998626708984,1.0750194912626085,1.4977000982252804,0.018094924996190476,0.04330448739430448,False,False
2021-08-23,59.79999923706055,0.873244178711297,0.9834897843073174,1.032608708826387,1.0443337106957733,1.9500007629394673,2.651155865783309,7.579998016357422,0.9873108858261261,1.663844979957183,0.016510215692682628,0.0443337106957733,False,False
2021-08-24,59.52999877929688,0.8772048091972077,0.9757870931518533,1.037292142889732,1.0458136078185105,2.2200012207031037,2.727284017511117,7.309997558593757,1.4413943151133992,1.2858897023977178,0.024212906848146698,0.045813607818510516,False,False
2021-08-25,59.47999954223633,0.8779421927134022,0.9875708641759933,1.0381640967591428,1.0458969205008342,2.270000457763679,2.7299488103796747,7.259998321533203,0.7392849931223111,1.9906638172573636,0.012429135824006732,0.04589692050083416,False,False
2021-08-26,59.0,0.8850847664525954,0.9890075108318224,1.0466101694915255,1.049424971361927,2.750000000000007,2.9160733103536955,6.779998779296875,0.6485568609224828,2.2675164494312128,0.010992489168177633,0.04942497136192703,False,False
2021-08-27,59.400001525878906,0.8791245770920114,1.0027557828101714,1.0395622628578092,1.0382687506530446,2.3499984741210866,2.2731638471843283,7.180000305175781,0.1636935031291742,2.109470344055154,-0.0027557828101714144,0.03826875065304458,False,False
2021-08-30,59.709999084472656,0.8613297788267752,0.9826145021633552,1.0341651473255145,1.03825703125638,2.0400009155273438,2.2843273012930894,8.279998779296875,1.038088059909164,1.2462392413839254,0.01738549783664478,0.038257031256379914,False,False
2021-08-31,60.68000030517578,0.8475609763764123,0.9647964079540252,1.0176334820277342,1.028827172413667,1.0699996948242188,1.7492328308586735,9.25,2.136153976093034,-0.3869211452343606,0.035203592045974785,0.028827172413667057,False,False
2021-09-01,61.13999938964844,0.8411841808733049,0.9584614044771751,1.0099771118161778,1.0250080935942627,0.6100006103515625,1.528994827089491,9.709999084472656,2.53966970491237,-1.0106748778228791,0.041538595522824906,0.025008093594262704,False,False
2021-09-02,61.75,0.8328744988692435,0.9414138825294345,1.0,1.0186332119978803,0.0,1.150600840869103,10.319999694824219,3.617692753807418,-2.467091912938315,0.058586117470565524,0.01863321199788026,False,False
2021-09-03,61.720001220703125,0.8332793144521892,0.9409045487803354,1.0,1.016140562260415,0.0,0.9961955224156469,10.290000915527344,3.6473713214157044,-2.6511757990000575,0.05909545121966464,0.016140562260414937,False,False
2021-09-07,60.29999923706055,0.8529021717394444,0.9520711672710774,1.0,1.0363616026491602,0.0,2.192604612002661,8.869998931884766,2.890108576987231,-0.6975039649845698,0.047928832728922566,0.03636160264916022,False,False
2021-09-08,60.13999938964844,0.8551712807969888,0.9589465497085089,1.0,1.04084904069198,0.0,2.456661282283399,8.709999084472656,2.4689544754732395,-0.012293193189840679,0.0410534502914911,0.04084904069197992,False,False
2021-09-09,59.560001373291016,0.8634989778264002,0.9560576254147527,1.0068838119200576,1.0564373531015805,0.4099998474121094,3.3614088282350423,8.130001068115234,2.6172078906429945,0.7442009375920478,0.0439423745852473,0.05643735310158049,False,False
2021-09-10,59.29999923706055,0.8672850078728791,0.9767373565877125,1.0112985158897585,1.0539418535579668,0.6700019836425923,3.1987518748330643,7.869998931884766,1.3794747366006561,1.8192771382324082,0.023262643412287454,0.05394185355796677,False,False
2021-09-13,59.970001220703125,0.8575954520311211,0.9753399245410235,1.0,1.040276815799629,0.0,2.4154006926697846,8.540000915527344,1.478864755377451,0.9365359372923336,0.024660075458976527,0.04027681579962894,False,False
2021-09-14,55.59000015258789,0.9251663997842524,0.8031121459111927,1.0325598375305411,1.1770588455203579,1.8100013732910227,9.842701249493729,4.159999847412109,10.944995838839496,-1.1022945893457674,0.19688785408880727,0.1770588455203579,False,False
2021-09-15,57.0,0.9022807071083472,0.8870972014473725,1.0070175706294544,1.0646645337835454,0.40000152587889914,3.6858784256620893,5.569999694824212,6.4354595174997655,-2.749581091837676,0.11290279855262753,0.06466453378354542,False,False
2021-09-16,57.27999877929688,0.8978701361942852,0.9433330579366347,1.0020950200617915,1.0782195655895674,0.12000274658202414,4.4804166214875565,5.849998474121101,3.2458823722160517,1.2345342492715048,0.05666694206336531,0.07821956558956744,False,False
2021-09-17,57.11000061035156,0.9005428078362471,0.9199057204726734,1.005077935780564,1.0811449779692608,0.29000091552732954,4.634189741351449,5.680000305175781,4.57418435269129,0.06000538866015859,0.08009427952732662,0.08114497796926079,False,False
2021-09-20,56.4900016784668,0.9104266025323944,0.9406467765322064,1.016109042669032,1.0872430945772988,0.9099998474121094,4.928362559106247,5.060001373291016,3.3528636933180778,1.5754988657881697,0.05935322346779359,0.08724309457729884,False,False
2021-09-21,56.060001373291016,0.9174099009151804,0.9474128243070387,1.0239029632494143,1.0889421821989966,1.3400001525878906,4.98609885621925,4.630001068115227,2.9480371415649103,2.03806171465434,0.05258717569296134,0.08894218219899663,False,False
2021-09-22,56.02000045776367,0.9180649747397176,0.9517277138880132,1.0246340781299297,1.089619067333492,1.3800010681152486,5.020460193046574,4.590000152587898,2.704213490090794,2.3162467029557803,0.04827228611198675,0.08961906733349201,False,False
2021-09-23,56.16999816894531,0.9156133519977552,0.961760829305662,1.0218978706966315,1.08801398077736,1.2300033569335938,4.943745139105893,4.739997863769524,2.147894147882951,2.7958509912229417,0.03823917069433802,0.08801398077735989,False,False
2021-09-24,56.2400016784668,0.914473662344632,0.9384535975499885,1.020625885718212,1.0915744863967718,1.1599998474121094,5.150149268659177,4.810001373291016,3.4613697770922442,1.6887794915669332,0.06154640245001153,0.09157448639677179,False,False
2021-09-27,56.290000915527344,0.9077988566886908,0.9040385139791717,1.0197193212346418,1.0808158578117157,1.1100006103515625,4.549124710210606,5.190002441406264,5.401672135967793,-0.8525474257571872,0.09596148602082832,0.08081585781171574,False,False
2021-09-28,54.75,0.9333333054633988,0.9248290127828045,1.0484018543539526,1.0859857978765162,2.6500015258789062,4.707722433739264,3.6500015258789205,4.115611550141452,0.5921108835978117,0.0751709872171955,0.08598579787651617,False,False
2021-09-29,55.93000030517578,0.9136420202985815,0.9357523376840536,1.0262828752491011,1.0773878021053864,1.470001220703125,4.328299795371144,4.830001831054695,3.593371772937708,0.7349280224334365,0.06424766231594636,0.07738780210538643,False,False
2021-09-30,55.93000030517578,0.9136420202985815,0.942378076650989,1.0262828752491011,1.0826015486701663,1.470001220703125,4.619904642330397,4.830001831054695,3.2227941904950015,1.3971104518353954,0.05762192334901095,0.08260154867016634,False,False
2021-10-01,57.209999084472656,0.873623498375503,0.9421307986109204,1.0033211404378053,1.0453661246020916,0.1900024414062429,2.595395946951733,7.229999542236328,3.310696958488407,-0.715301011536674,0.05786920138907958,0.04536612460209155,False,False
2021-10-04,56.77999877929688,0.86438892015176,0.9420322677395654,1.010919386402102,1.0487821586527526,0.6200027465820241,2.769850908754762,7.699996948242195,3.291407766986083,-0.521556858231321,0.05796773226043461,0.048782158652752594,False,False
2021-10-05,56.790000915527344,0.8642366796940021,0.9393784400931775,1.0107413382728927,1.0443572813375983,0.6100006103515625,2.5190500477725095,7.709999084472656,3.4426984426091423,-0.9236483948366327,0.0606215599068225,0.04435728133759831,False,False
2021-10-06,56.900001525878906,0.8625659141455809,0.9368010011894119,1.008787345985792,1.0426707483545243,0.4999999999999858,2.427965646482832,7.819999694824219,3.596023128756485,-1.1680574822736531,0.0631989988105881,0.042670748354524335,False,False
2021-10-07,57.400001525878906,0.8550522739781962,0.932409990134715,1.0,1.0297216498999462,0.0,1.7060227496085503,8.319999694824219,3.87966666940153,-2.1736439197929798,0.06759000986528496,0.02972164989994619,False,False
2021-10-08,54.70000076293945,0.8972577906124556,0.896952215200483,1.00018278466899,1.076052430835241,0.009998321533203125,4.160068024711087,5.619998931884766,5.636713907152803,-1.4766458824417157,0.10304778479951704,0.07605243083524105,False,False
2021-10-13,52.68999862670898,0.9073828547996156,0.9283064723475456,1.038337455122645,1.0735974051131731,2.020000457763679,3.8778471743424348,4.879997253417962,3.7775318735517445,0.10031530079069029,0.0716935276524544,0.07359740511317314,False,False
2021-10-14,53.9900016784668,0.8836821189339056,0.9288603532380234,1.0133357544660535,1.0443636556614955,0.7199974060058523,2.3951938436270623,6.280002593994141,3.84082964808465,-1.4456358044575879,0.0711396467619766,0.04436365566149547,False,False
2021-10-15,54.02000045776367,0.8831913861566035,0.9466113318472978,1.0127730214894846,1.043025372134354,0.6899986267089844,2.3242306223932587,6.310001373291016,2.8840558780483647,-0.559825255655106,0.05338866815270216,0.04302537213435409,False,False
2021-10-18,53.220001220703125,0.8964674556586252,0.9251150995839167,1.0279969528296422,1.0530950832571702,1.4899978637695241,2.82572039575993,5.510002136230469,3.985374491556186,-1.159654095796256,0.07488490041608331,0.05309508325717016,False,False
2021-10-19,54.2400016784668,0.8796091004439157,0.9399432551374255,1.0086651436478928,1.041982110290331,0.4699974060058665,2.277109732613134,6.530002593994141,3.2574779421492934,-0.9803682095361594,0.06005674486257451,0.041982110290331054,False,False
2021-10-20,54.709999084472656,0.8720526390579545,0.9460131973730127,1.0,1.037187501197014,0.0,2.0345281564424624,7.0,2.9536179222960826,-0.9190897658536201,0.053986802626987296,0.03718750119701397,False,False
2021-10-21,54.02999877929688,0.8830279504421179,0.9318235921600212,1.0035166101369422,1.0451600203561842,0.19000244140625,2.43999584471765,6.319999694824226,3.683571232370902,-1.2435753876532516,0.0681764078399788,0.04516002035618416,False,False
2021-10-22,54.220001220703125,0.8799335671400775,0.9415494382883967,1.0,1.0421585533516566,0.0,2.2858368141898993,6.510002136230469,3.1691895273539146,-0.8833527131640153,0.058450561711603344,0.042158553351656636,False,False
2021-10-25,54.08000183105469,0.8822114916622628,0.9373379942829159,1.0016641334105678,1.0445611255872742,0.089996337890625,2.4098657533536496,6.370002746582031,3.388761383917469,-0.9788956305638195,0.06266200571708413,0.04456112558727421,False,False
2021-10-26,53.7599983215332,0.8874628082970519,0.9381266987502711,1.007626485495032,1.0492121132772332,0.4099998474121236,2.645643127183156,6.049999237060547,3.3263085713331435,-0.6806654441499873,0.061873301249728896,0.04921211327723318,False,False
2021-10-27,52.43999862670898,0.9098016844754984,0.9489537781662672,1.0329900760400708,1.06737197601319,1.7299995422363352,3.5329863296103454,4.729999542236328,2.6768638028596285,0.8561225267507169,0.05104622183373275,0.0673719760131899,False,False
2021-10-28,51.900001525878906,0.9192677780690048,0.9578428306702945,1.0437378916440787,1.0727377578996422,2.2699966430664134,3.775089745980438,4.190002441406243,2.187957152538452,1.5871325934419858,0.04215716932970548,0.07273775789964221,False,False
2021-10-29,51.43000030517578,0.9276686525640804,0.9347674661957436,1.0532762560278224,1.072059510304174,2.7399978637695312,3.7060206369344826,3.720001220703125,3.3549092334602975,0.3511114034741851,0.06523253380425642,0.0720595103041739,False,False
2021-11-01,52.2599983215332,0.9129353351856928,0.9528712477745966,1.0365480273393946,1.0622402669949063,1.9099998474121094,3.2526762486855816,4.549999237060547,2.4629485121955312,0.7897277364900503,0.04712875222540336,0.06224026699490626,False,False
2021-11-02,52.63999938964844,0.9063449779191058,0.9481698985468577,1.0290653266914314,1.06683688435221,1.529998779296882,3.518293551506339,4.930000305175781,2.728336508858824,0.7899570426475151,0.05183010145314226,0.06683688435221002,False,False
2021-11-03,52.95000076293945,0.901038685496406,0.9424817294791628,1.0230405550222343,1.0598815047793613,1.2199974060058594,3.1707257237531437,5.240001678466797,3.045592467961292,0.12513325579185164,0.057518270520837245,0.05988150477936127,False,False
2021-11-04,52.72999954223633,0.9047980181804726,0.9399962250588749,1.0273089064898542,1.058944230437213,1.4399986267089844,3.1081292439717103,5.020000457763672,3.1639990251779793,-0.055869781206268954,0.060003774941125076,0.058944230437212974,False,False
2021-11-05,53.900001525878906,0.8851576573994296,0.9500583090604036,1.0050092140152682,1.043337431795805,0.26999664306641336,2.335887639921566,6.19000244140625,2.6918572178492184,-0.3559695779276524,0.04994169093959644,0.04333743179580507,False,False
2021-11-08,53.4900016784668,0.8919423740395774,0.9661535393698121,1.0127125905616163,1.0435048506361952,0.6799964904785156,2.3270745335515315,5.780002593994141,1.8104472359189145,0.5166272976326169,0.033846460630187925,0.04350485063619525,False,False
2021-11-09,53.75,0.8876278899436774,0.9611651707198852,1.0078139194222384,1.0350539177673013,0.4199981689453125,1.8841480799924426,6.040000915527344,2.087372073806172,-0.20322399381372946,0.038834829280114835,0.03505391776730127,False,False
2021-11-10,54.16999816894531,0.880745813128418,0.9570034808674007,1.0,1.028942941290747,0.0,1.5678390767236507,6.459999084472656,2.329121362683928,-0.7612822859602772,0.042996519132599276,0.028942941290746926,False,False
2021-11-15,53.380001068115234,0.8937804070777855,0.9740843511211855,1.006556734116106,1.0387647933623465,0.34999847412107954,2.069264711087321,5.670001983642578,1.3833773648320147,0.6858873462553063,0.02591564887881448,0.038764793362346506,False,False
2021-11-16,53.119998931884766,0.8981551213065856,0.988221628456998,1.011483445455896,1.041351932208598,0.6100006103515554,2.1966145947520985,5.409999847412109,0.625667083783604,1.5709475109684945,0.011778371543001986,0.04135193220859801,False,False
2021-11-17,53.72999954223633,0.8879583005945972,1.0007285129924361,1.0,1.0300966551646522,0.0,1.6170932682196053,6.020000457763672,0.039143002750108735,1.5779502654694966,-0.0007285129924361478,0.03009665516465221,False,False
2021-11-18,52.77999877929688,0.9039408902598736,0.9677969795347229,1.0,1.0515695098610154,0.0,2.7218386675133317,5.069999694824219,1.6996753808469975,1.0221632866663342,0.03220302046527712,0.051569509861015383,False,False
2021-11-19,51.90999984741211,0.919090719027447,0.9744898934010028,1.0084761823926476,1.0648362683448136,0.43999862670897016,3.365650679886045,4.200000762939453,1.32422962966141,2.041421050224635,0.025510106598997218,0.0648362683448136,False,False
2021-11-22,51.5099983215332,0.926227929316938,0.9793030907348774,1.0163075165979325,1.0667657041613818,0.8400001525878764,3.439101309288759,3.799999237060554,1.066097761507386,2.373003547781373,0.020696909265122576,0.06676570416138183,False,False
2021-11-23,52.040000915527344,0.9167947395296312,0.9819769404256439,1.005956909168717,1.0597544900068288,0.30999755859375,3.1096237146622343,4.33000183105468,0.9379200367500999,2.1717036779121344,0.018023059574356126,0.05975449000682875,False,False
2021-11-24,51.880001068115234,0.9196221685082924,0.9884070797876421,1.0090593175853788,1.0671239753251154,0.46999740600584516,3.482391911563127,4.170001983642578,0.6014407129997039,2.880951198563423,0.011592920212357916,0.06712397532511538,False,False
2021-11-26,51.09999847412109,0.9336595011570256,0.982556916844161,1.024461840260779,1.0753911449754994,1.25,3.852487393210261,3.3899993896484233,0.8913415226473376,2.961145870562923,0.01744308315583898,0.07539114497549937,False,False
2021-11-29,51.52999877929688,0.9258684303256964,0.9848957497370995,1.0159130548078656,1.0640017428044457,0.8199996948242045,3.29800972858596,3.819999694824226,0.77832199760946,2.5196877309765,0.01510425026290052,0.0640017428044457,False,False
2021-11-30,49.97999954223633,0.954581823158174,0.9605961975758374,1.0474189466504888,1.0947550185073354,2.3699989318847585,4.735855781621218,2.270000457763672,1.9694020271220225,2.766453754499196,0.03940380242416264,0.09475501850733536,False,False
2021-12-01,49.08000183105469,0.9720863346481136,0.9609093416843671,1.0666258459875884,1.0939204365338162,3.2699966430664062,4.609615197053152,1.3700027465820312,1.9185695817083968,2.6910456153447555,0.039090658315632854,0.09392043653381621,False,False
2021-12-02,51.5,0.9264077492130612,0.9474142558037465,1.0165048247402153,1.0591251572902132,0.8499984741210866,3.0449456004459776,3.7900009155273438,2.708165826107056,0.3367797743389218,0.0525857441962535,0.05912515729021317,False,False
2021-12-03,51.77999877929688,0.9213982272928996,0.9657989397465659,1.0110081056056746,1.0646310169169375,0.5699996948241974,3.3465939770637405,4.069999694824233,1.7709308581734717,1.5756631188902688,0.03420106025343406,0.06463101691693751,False,False
2021-12-06,52.34999847412109,0.9113658161433914,0.9324638659496266,1.0,1.0586295137938313,0.0,3.0692549576455264,4.63999938964843,3.5355165144850815,-0.46626155683955517,0.0675361340503734,0.0586295137938313,False,False
2021-12-07,49.58000183105469,0.9622831246970478,0.9530176296271039,1.0423557562840942,1.1006743833213455,2.0999984741210938,4.991436109412611,1.8700027465820312,2.329386009115481,2.6620501002971295,0.0469823703728961,0.10067438332134548,False,False
2021-12-08,48.93999862670898,0.97486719295564,0.9375447933695835,1.0559869586300203,1.099950698261964,2.740001678466811,4.891587035679123,1.229999542236321,3.0565577267234048,1.8350293089557184,0.06245520663041648,0.09995069826196401,False,False
2021-12-09,47.810001373291016,0.9979083395535264,0.9295572876842728,1.0809453842443673,1.1236603572053152,3.8699989318847656,5.912201847807779,0.10000228881835938,3.3678661725532635,2.5443356752545156,0.07044271231572719,0.12366035720531521,False,False
2021-12-10,48.45000076293945,0.984726487785056,0.9283592670831765,1.066666656168704,1.1117965644069288,3.229999542236328,5.416543630809706,0.740001678466804,3.470993564477638,1.9455500663320677,0.07164073291682349,0.11179656440692876,False,False
2021-12-13,47.709999084472656,0.9981135997837992,0.9526354673931776,1.0832110940449624,1.1339117635692935,3.970001220703125,6.38893011729111,0.09000015258789062,2.2597618073079744,4.129168309983136,0.047364532606822385,0.13391176356929346,False,False
2021-12-14,48.7599983215332,0.9766201921884604,0.9719300931147742,1.0598851945069296,1.1126484596571191,2.920001983642578,5.492738703804427,1.1399993896484375,1.3686886126092048,4.1240500911952225,0.028069906885225815,0.11264845965711912,False,False
2021-12-15,48.18000030517578,0.988376891454049,0.9528339948077506,1.0726442502663085,1.121442752500502,3.500000000000007,5.851111852535574,0.5600013732910156,2.272458144556502,3.578653707979072,0.04716600519224945,0.12144275250050196,False,False
2021-12-16,48.84000015258789,0.9705159987262472,0.9555690622694306,1.0581490610916269,1.1124386801992594,2.8400001525878977,5.491505158088607,1.4399986267089915,2.170007005540633,3.3214981525479743,0.044430937730569386,0.1124386801992594,False,False
2021-12-17,48.75,0.9723077236077724,0.9611329939471375,1.0601025703625802,1.1164568846065746,2.9300003051757812,5.677273124570512,1.3499984741210938,1.8947665450770472,3.7825065794934645,0.03886700605286253,0.11645688460657455,False,False
2021-12-20,48.400001525878906,0.9636363206457872,0.9653040147049565,1.0677685676836828,1.116822392608374,3.279998779296875,5.654203980502125,1.7600021362304688,1.6792857412219746,3.97491823928015,0.034695985295043474,0.11682239260837401,False,False
2021-12-21,48.86000061035156,0.954564036165141,0.9640803582247343,1.057715916078535,1.1038035707509841,2.8199996948242188,5.071842530249754,2.220001220703125,1.7550337190630927,3.316808811186661,0.03591964177526574,0.10380357075098412,False,False
2021-12-22,49.02999877929688,0.9512543453160835,0.959406163556695,1.0540485741761405,1.10683149990287,2.6500015258789062,5.237948309828177,2.3899993896484517,1.990315751262223,3.247632558565954,0.040593836443305054,0.10683149990287011,False,False
2021-12-23,50.02999877929688,0.9322406661530588,0.9599001156890008,1.0329802431768536,1.0886382316497705,1.6500015258788991,4.43457062123705,3.3899993896484375,2.0061971631292366,2.4283734581078136,0.0400998843109992,0.08863823164977047,False,False
2021-12-27,50.470001220703125,0.894194570568043,0.9635610375368339,1.0239746196791513,1.0816797647595153,1.2099990844726562,4.122377827119486,5.340000152587891,1.8390744799971515,2.2833033471223345,0.036438962463166136,0.08167976475951533,False,False
2021-12-28,50.5099983215332,0.8934864891665539,0.9462181824518825,1.02316376999648,1.0784187926535345,1.1700019836425852,3.960933085306685,5.379997253417969,2.7165195140844176,1.2444135712222675,0.053781817548117505,0.07841879265353446,False,False
2021-12-29,50.59000015258789,0.8920735507411665,0.9447027616943535,1.0215457629828082,1.0741420951334137,1.0900001525878906,3.7508486041125906,5.459999084472656,2.797487294320341,0.9533613097922498,0.05529723830564648,0.07414209513341374,False,False
2021-12-30,50.59000015258789,0.8920735507411665,0.9203940250728586,1.0215457629828082,1.0637736574506638,1.0900001525878906,3.226309340160171,5.459999084472656,4.027266283710993,-0.8009569435508226,0.07960597492714139,0.06377365745066377,False,False
2021-12-31,50.33000183105469,0.8966818880636134,0.8880075565517546,1.0268229371151765,1.0756829754814263,1.3499984741210938,3.809124294559851,5.200000762939453,5.636579883814484,-1.8274555892546331,0.11199244344824544,0.07568297548142633,False,False
2022-01-03,50.7400016784668,0.8894363337647986,0.9363210133820199,1.0185257902170686,1.095972837833733,0.9399986267089844,4.869661952770834,5.6100006103515625,3.2310718878793736,1.63859006489146,0.0636789866179801,0.095972837833733,False,False
2022-01-04,50.18999862670898,0.8991831500887704,0.9381360194832646,1.029687222937557,1.1064167002146368,1.4900016784667969,5.3410540376315225,5.059997558593743,3.104953097177699,2.2361009404538237,0.06186398051673536,0.10641670021463678,False,False
2022-01-05,50.220001220703125,0.8986459572109778,0.9434577106319496,1.0290720638985325,1.1056033181864515,1.4599990844726562,5.303398768233897,5.090000152587891,2.839553841084843,2.4638449271490543,0.05654228936805039,0.10560331818645152,False,False
2022-01-06,50.5099983215332,0.8934864891665539,0.9323471859153176,1.02316376999648,1.1103443552936973,1.1700019836425852,5.5734932006753155,5.379997253417969,3.4171435258643044,2.156349674811011,0.06765281408468238,0.11034435529369735,False,False
2022-01-07,50.04999923706055,0.9016983367843452,0.9388735043411083,1.0325674544048398,1.114888569219974,1.6300010681152344,5.75017280180667,4.919998168945305,3.059381061091713,2.690791740714957,0.06112649565889172,0.11488856921997392,False,False
2022-01-10,50.52000045776367,0.8911322258478961,0.9489895501263589,1.0229612002553703,1.1098429576966757,1.1599998474121094,5.549266273118171,5.5,2.577047950967078,2.972218322151093,0.05101044987364112,0.10984295769667574,False,False
2022-01-11,51.13999938964844,0.8803285294304569,0.9520998834163893,1.0105592671484591,1.1079979694551527,0.5400009155273366,5.52301609201978,6.119998931884766,2.4496119328499404,3.07340415916984,0.04790011658361071,0.10799796945515272,False,False
2022-01-12,50.95000076293945,0.8836113794626436,0.9460001848157921,1.0143277631266951,1.1072508327819546,0.7299995422363352,5.4644300120664795,5.930000305175781,2.7512906248339846,2.713139387232495,0.05399981518420793,0.10725083278195457,False,False
2022-01-13,51.27999877929688,0.8769501226832854,0.9637896479979507,1.0078003419539938,1.1067618900433238,0.40000152587889914,5.474749591097073,6.309997558593757,1.856866806462996,3.6178827846340766,0.03621035200204925,0.10676189004332381,False,False
2022-01-14,51.68000030517578,0.8701625571817064,0.947940611392485,1.0,1.1029989625531473,0.0,5.32298641617944,6.709999084472656,2.6904292191236436,2.632557197055796,0.05205938860751502,0.10299896255314733,False,False
2022-01-18,50.18000030517578,0.8961737932884135,0.9550644310069156,1.0029892691304634,1.1242945920089014,0.15000152587890625,6.237102664938369,5.209999084472656,2.2548668657862194,3.98223579915215,0.044935568993084374,0.12429459200890136,False,False
2022-01-19,50.33000183105469,0.8935028727329725,0.9564443363895505,1.0,1.1278578510890034,0.0,6.435085879424257,5.3600006103515625,2.1921566292667265,4.24292925015753,0.04355566361044949,0.12785785108900338,False,False
2022-01-20,50.220001220703125,0.8954599786462033,0.963644519742169,1.0,1.1325120407949927,0.0,6.654754850482398,5.25,1.8257722629275221,4.828982587554876,0.036355480257830974,0.13251204079499268,False,False
2022-01-21,49.72999954223633,0.9042831617665616,0.9759005664925856,1.0068369224958291,1.1446041313968358,0.3400001525878906,7.191163388170125,4.759998321533196,1.198464817291871,5.992698570878254,0.02409943350741439,0.1446041313968358,False,False
2022-01-24,50.06999969482422,0.8981426302135911,0.9866715365933237,1.0,1.1303989003528165,0.0,6.529072900870936,5.099998474121094,0.6673561587047558,5.86171674216618,0.01332846340667626,0.13039890035281654,False,False
2022-01-25,49.66999816894531,0.9053755361082192,0.9617056718661262,1.0064425915304656,1.1384032628823757,0.3200035095214844,6.874489813943654,4.6999969482421875,1.9020792082905018,4.9724106056531525,0.03829432813387379,0.1384032628823757,False,False
2022-01-26,48.459999084472656,0.9279818834151036,0.9600080701321689,1.031572484995865,1.1603954513994548,1.5300025939941406,7.772763427971157,3.489997863769524,1.9380088847813894,5.834754543189767,0.039991929867831066,0.16039545139945477,False,False
2022-01-27,48.0099983215332,0.9366799165359146,0.9655475465162974,1.0412414794033753,1.1683937433631932,1.9800033569335938,8.084583336223602,3.039997100830078,1.6540622339252664,6.430521102298336,0.03445245348370263,0.16839374336319324,False,False
2022-01-28,49.720001220703125,0.9044650063680584,0.9407764661595757,1.0054304193711734,1.13186434939091,0.2700004577636719,6.5562956126832646,4.75,2.9445941748402475,3.611701437843017,0.059223533840424336,0.13186434939090996,False,False
2022-01-31,49.9900016784668,0.8995799101978018,0.9644809329528268,1.0,1.1403976887491512,0.0,7.018480696222923,5.020000457763672,1.7755982213057635,5.24288247491716,0.035519067047173225,0.14039768874915115,False,False
2022-02-01,49.93999862670898,0.9004806258975788,0.94474100947678,1.0010012625777502,1.142193229562781,0.050003051757819605,7.101129689092602,4.969997406005852,2.759633910842936,4.341495778249666,0.05525899052322003,0.14219322956278102,False,False
2022-02-02,49.9900016784668,0.8995799101978018,0.9583267936211266,1.0,1.137047755904649,0.0,6.851017547703513,5.020000457763672,2.0832436568269728,4.767773890876541,0.041673206378873395,0.13704775590464902,False,False
2022-02-03,49.63999938964844,0.9059226787597592,0.9488775971749683,1.002618877310912,1.1375279984031623,0.13000106811523438,6.826889756792546,4.6699981689453125,2.537716045031935,4.289173711760611,0.051122402825031665,0.13752799840316232,False,False
2022-02-04,49.33000183105469,0.9116156406139272,0.9506757809230112,1.0089194934193575,1.1436454361782251,0.4399986267089844,7.086029629694494,4.36000061035157,2.4331638173832033,4.6528658123112905,0.04932421907698881,0.14364543617822512,False,False
2022-02-07,48.86000061035156,0.9203847863066892,0.9671262109788117,1.0186246384781934,1.1481477054429936,0.9099998474121094,7.238496978366854,3.8899993896484375,1.6062133516398305,5.632283626727023,0.032873789021188315,0.1481477054429936,False,False
2022-02-08,49.209999084472656,0.9138386924882632,0.9772577047153199,1.011379828971948,1.1400668911368435,0.5600013732910156,6.892691584608997,4.239997863769531,1.1191483301379108,5.773543254471086,0.02274229528468008,0.14006689113684345,False,False
2022-02-09,49.77000045776367,0.903556375468914,0.9594132944339002,1.0,1.1419438607380672,0.0,7.064546013910345,4.79999923706054,2.0200003546039085,5.044545659306436,0.04058670556609978,0.1419438607380672,False,False
2022-02-10,48.91999816894531,0.919255987406196,0.9477607009196553,1.0,1.1499230055053635,0.0,7.334233154805162,3.9499969482421875,2.5555464153574547,4.778686739447707,0.05223929908034475,0.14992300550536353,False,False
2022-02-11,47.619998931884766,0.9443511597937628,0.9412482236971083,1.0102898296820142,1.1752977668404825,0.49000167846678977,8.347679469705561,2.6499977111816406,2.797759524790038,5.549919944915523,0.058751776302891745,0.17529776684048248,False,False
2022-02-14,47.400001525878906,0.948734172427208,0.9535086319292886,1.0149788831564703,1.1621722951459916,0.7099990844726562,7.68696703737529,2.4300003051757812,2.203690917491919,5.483276119883371,0.046491368070711414,0.16217229514599163,False,False
2022-02-15,48.04999923706055,0.9359001443233772,0.9525775485807904,1.0012487278718776,1.1561820980305484,0.060001373291015625,7.504549691210364,3.0799980163574148,2.2786487545125667,5.225900936697798,0.047422451419209644,0.1561820980305484,False,False
2022-02-16,48.09000015258789,0.935121669328652,0.9640572109204235,1.0004158963963443,1.170638151061334,0.020000457763657664,8.205988710576868,3.1199989318847727,1.7284887323212672,6.477499978255601,0.03594278907957649,0.17063815106133395,False,False
2022-02-17,46.77000045776367,0.9615138075808646,0.9352718902187535,1.0286508475405725,1.180642943353062,1.3400001525878906,8.448670543314492,1.7999992370605469,3.02733372409908,5.421336819215412,0.06472810978124655,0.18064294335306208,False,False
2022-02-18,46.63999938964844,0.9641938638336268,0.9415601273155239,1.031518036876934,1.1808653420388482,1.470001220703125,8.435559442300438,1.6699981689453125,2.725635626335098,5.70992381596534,0.058439872684476146,0.1808653420388482,False,False
2022-02-22,46.93999862670898,0.958031583646342,0.9472257004016907,1.0249254797160745,1.1779488519513188,1.1700019836425994,8.352918866219348,1.9699974060058594,2.4772255506701626,5.875693315549185,0.05277429959830926,0.17794885195131882,False,False
2022-02-23,45.130001068115234,0.9964546899263172,0.9261980429463907,1.0660314529516317,1.1885877609405302,2.9799995422363423,8.51096585267959,0.15999984741210227,3.3306824006583824,5.180283452021207,0.07380195705360926,0.1885877609405302,False,False
2022-02-24,46.0099983215332,0.9773962804005722,0.9346542957614379,1.045642303095576,1.166777763706805,2.1000022888183594,7.6734446282191655,1.0399971008300781,3.0065557423356495,4.666888885883516,0.06534570423856212,0.16677776370680508,False,False
2022-02-25,47.06999969482422,0.9468876138472784,0.9456342987677012,1.022094772089869,1.1547250940549971,1.0400009155273438,7.282910129950366,2.499999999999993,2.558993540413205,4.723916589537161,0.05436570123229878,0.15472509405499713,False,False
2022-02-28,46.7599983215332,0.8502993958240485,0.9420368441010865,1.028870879753575,1.16179092293934,1.3500022888183594,7.565343285082847,7.0,2.710357072543964,4.854986212538883,0.05796315589891354,0.16179092293933994,False,False
2022-03-01,46.38999938964844,0.8570812426094865,0.9444726636004532,1.0370769830423177,1.1637867435382834,1.720001220703125,7.59806693277347,6.630001068115234,2.5759131016837813,5.022153831089689,0.05552733639954677,0.16378674353828337,False,False
2022-03-02,46.380001068115234,0.857266007026182,0.9486883371077252,1.0373005498575905,1.161229887514937,1.7299995422363281,7.477842355154877,6.620002746582031,2.379834979750477,5.0980073754044,0.051311662892274845,0.16122988751493694,False,False
2022-03-03,47.119998931884766,0.8438030395333634,0.9604632290221569,1.021010222854587,1.1466711506402703,0.9900016784667969,6.9111444615078454,7.3600006103515625,1.8629726062461387,5.048171855261707,0.03953677097784314,0.14667115064027025,False,False
2022-03-04,47.209999084472656,0.8421944311075034,0.9459552154633907,1.0190637903692508,1.1501332650709442,0.9000015258789062,7.087791306548162,7.450000762939453,2.5514542284938457,4.536337078054316,0.054044784536609325,0.15013326507094416,False,False
2022-03-07,46.29999923706055,0.8587472781145871,0.9243031071975747,1.039092902875087,1.1650320647042172,1.8100013732910156,7.640984469895784,6.540000915527344,3.5047660790001487,4.136218390895635,0.07569689280242531,0.16503206470421716,False,False
2022-03-08,46.130001068115234,0.8619119315177095,0.9320238827424209,1.042922165540657,1.1676260168234684,1.9799995422363281,7.732588335110499,6.370002746582031,3.1357383616984507,4.5968499734120485,0.06797611725757913,0.16762601682346845,False,False
2022-03-09,46.119998931884766,0.8620988560787971,0.9418787523736681,1.0431483461525195,1.171017713831733,1.9900016784667969,7.887336779252905,6.3600006103515625,2.680551878446238,5.206784900806667,0.05812124762633186,0.17101771383173303,False,False
2022-03-10,45.38999938964844,0.8759638434937014,0.950733561408505,1.0599251213324197,1.1831314468979355,2.720001220703139,8.312336262922727,5.630001068115234,2.2362036175981146,6.076132645324613,0.04926643859149504,0.18313144689793548,False,False
2022-03-11,45.02000045776367,0.8831629923867896,0.9484507402063862,1.0686361643973512,1.1820416457614664,3.0900001525878906,8.19551497551327,5.260002136230469,2.3207476995058727,5.874767276007397,0.0515492597936138,0.18204164576146642,False,False
2022-03-14,44.970001220703125,0.8841449242218086,0.9616587866673967,1.0698243118615451,1.1726046680256477,3.1399993896484375,7.762032131812433,5.210002899169922,1.7242044103704117,6.037827721442021,0.03834121333260332,0.17260466802564767,False,False
2022-03-15,45.540000915527344,0.8730785577998663,0.9686481919931946,1.0564338964241864,1.1627071820670447,2.569999694824226,7.40968522029609,5.780002593994141,1.4277613653333532,5.981923854962737,0.03135180800680537,0.1627071820670447,False,False
2022-03-16,46.22999954223633,0.8600475603554344,0.9687342131954749,1.0406662575542025,1.1541717188003338,1.8800010681152486,7.127358489565218,6.470001220703125,1.4454173096608542,5.6819411799043635,0.031265786804525075,0.15417171880033376,False,False
2022-03-17,46.47999954223633,0.8554216590601154,0.9551317265442981,1.0350688701413189,1.156288506818325,1.6300010681152486,7.264289725372549,6.720001220703125,2.0854773296819573,5.178812395690592,0.04486827345570188,0.15628850681832507,False,False
2022-03-18,46.90999984741211,0.8475804402230593,0.9427240819596718,1.025580915942076,1.1476351858939429,1.200000762939439,6.925566547757519,7.150001525878906,2.68681330653218,4.238753241225339,0.057275918040328166,0.14763518589394287,False,False
2022-03-21,46.66999816894531,0.8519391446642461,0.9564346602704411,1.0308549924556123,1.140934166469044,1.44000244140625,6.577397291052115,6.909999847412109,2.0331943254079974,4.544202965644118,0.043565339729558894,0.140934166469044,False,False
2022-03-22,47.220001220703125,0.8420160375620838,0.971926912383923,1.0188479323727384,1.1359204751193905,0.8899993896484375,6.418165001056167,7.460002899169922,1.325611231500062,5.092553769556105,0.028073087616076964,0.13592047511939054,False,False
2022-03-23,46.52000045776367,0.8546861120010523,0.966961495355641,1.034178850751119,1.1445440498707198,1.5900001525878906,6.724189266152898,6.760002136230469,1.53695125117941,5.187238014973488,0.03303850464435898,0.14454404987071978,False,False
2022-03-24,46.79999923706055,0.8495726275578137,0.9638176511088894,1.0279914827915988,1.1401981535425518,1.3100013732910156,6.561273478828724,7.040000915527344,1.6933339004990344,4.86793957832969,0.036182348891110605,0.14019815354255183,False,False
2022-03-25,47.130001068115234,0.8436239639390112,0.9605509311288499,1.0207935395719592,1.1349761277531714,0.9799995422363352,6.361425045177022,7.370002746582031,1.8592346580334578,4.502190387143564,0.03944906887115007,0.13497612775317136,False,False
2022-03-28,47.52999877929688,0.8365242866122661,0.9628650565954979,1.0122028581096307,1.1305439910896324,0.5800018310546804,6.204755737134775,7.770000457763679,1.765023814685243,4.439731922449532,0.037134943404502074,0.13054399108963244,False,False
2022-03-29,47.77999877929688,0.83214732811507,0.9553702290706868,1.006906694003468,1.1262648076769264,0.3300018310546804,6.032932356671701,8.020000457763679,2.132410400522886,3.9005219561488147,0.044629770929313195,0.12626480767692638,False,False
2022-03-30,47.68999862670898,0.8337177493493458,0.9508223536335486,1.0088069196002736,1.1264579575599896,0.42000198364258523,6.030779822372324,7.930000305175774,2.345281887680848,3.685497934691476,0.04917764636645139,0.12645795755998956,False,False
2022-03-31,46.81999969482422,0.8492097091134438,0.9594745285761035,1.0275523477987112,1.1406992650048087,1.2900009155273509,6.5875395445871305,7.060001373291016,1.8974025596994437,4.690136984887687,0.04052547142389651,0.14069926500480867,False,False
2022-04-01,47.70000076293945,0.8335429284190863,0.9679524691908078,1.008595384504284,1.1175918006808285,0.4099998474121094,5.609128982190946,7.94000244140625,1.5286672440487905,4.080461738142155,0.032047530809192204,0.11759180068082853,False,False
2022-04-04,48.11000061035156,0.8264393643133371,0.9654879293017383,1.0,1.1197450336348092,0.0,5.760933641257239,8.35000228881836,1.6603757423578642,4.100557898899375,0.034512070698261677,0.11974503363480915,False,False
2022-04-05,47.869998931884766,0.8305828119634711,0.9529238080467982,1.005013613616501,1.1216435398703233,0.24000167846678977,5.823076123663057,8.110000610351562,2.253537258516971,3.569538865146086,0.047076191953201785,0.12164353987032328,False,False
2022-04-06,47.72999954223633,0.8330190384005669,0.9629735028635357,1.0079614722765495,1.1167294634803264,0.3800010681152344,5.57149723848147,7.970001220703125,1.7672746913740554,3.8042225471074147,0.03702649713646433,0.11672946348032642,False,False
2022-04-07,47.150001525878906,0.8432661089037378,0.9718247378679902,1.0203605313553543,1.1246995908888011,0.9599990844726634,5.879585900683445,7.390003204345703,1.328463652516298,4.551122248167147,0.028175262132009826,0.12469959088880112,False,False
2022-04-08,47.41999816894531,0.8384647797724182,0.9741661296891378,1.0145508744843883,1.1160947252735594,0.6900024414062429,5.505211659896396,7.659999847412109,1.2250420828378523,4.280169577058544,0.02583387031086215,0.11609472527355935,False,False
2022-04-11,47.61000061035156,0.8351186265872137,0.9592616409778786,1.0105019952444882,1.1175458495115596,0.4999999999999929,5.596357966989643,7.850002288818359,1.9395532979079206,3.6568046690817226,0.04073835902212142,0.11754584951155955,False,False
2022-04-12,47.25,0.8414814459583747,0.9561727960912272,1.0182010711185516,1.123431716798486,0.8600006103515625,5.832148618728461,7.490001678466797,2.0708353846895164,3.761313234038944,0.043827203908772816,0.12343171679848597,False,False
2022-04-13,47.90999984741211,0.829889343522527,0.969746589791193,1.0041745097803472,1.1131034645433526,0.20000076293945312,5.418786969013809,8.150001525878906,1.4494408784876427,3.969346090526166,0.030253410208807008,0.11310346454335263,False,False
2022-04-14,47.58000183105469,0.8356451616524004,0.9713722706421073,1.011139108005476,1.1212271244417966,0.5299987792968608,5.76798680291418,7.820003509521484,1.3621074152674737,4.405879387646706,0.028627729357892706,0.12122712444179662,False,False
2022-04-18,46.86000061035156,0.8484848016145792,1.0013207966953181,1.0266752023840962,1.1424495835198953,1.25,6.675187570686624,7.100002288818359,0.06189253394875749,6.613295036737867,-0.0013207966953181494,0.14244958351989534,True,False
2022-04-19,48.11000061035156,0.8264393643133371,1.0066181511183636,1.0,1.1194690286496294,0.0,5.747655041251775,8.35000228881836,0.3183992543438734,5.429255786907902,-0.006618151118363613,0.11946902864962938,True,False
2022-04-20,47.400001525878906,0.8388185029872942,0.9983219638362675,1.0,1.1263514979400646,0.0,5.989061195156147,7.640003204345703,0.07953891672140401,5.909522278434743,0.0016780361637325214,0.12635149794006462,True,False
2022-04-21,46.93999862670898,0.8470387619250944,0.9918664355309814,1.0,1.1308497762318843,0.0,6.142088316629824,7.180000305175774,0.3817895050059832,5.760298811623841,0.008133564469018584,0.13084977623188432,True,False
2022-04-22,45.380001068115234,0.8761568397024402,0.95711281745533,1.0072718820755886,1.1636542859441283,0.3299980163574219,7.426631670946179,5.620002746582031,1.9462203896855783,5.480411281260601,0.042887182544670055,0.16365428594412834,False,False
2022-04-25,45.709999084472656,0.8698315274094892,0.9548295059315479,1.0,1.1544419140007895,0.0,7.0595397475802955,5.950000762939453,2.064743242514119,4.9947965050661765,0.04517049406845208,0.15444191400078955,False,False
2022-04-26,44.56999969482422,0.8920798428040019,0.9483579876380887,1.0,1.1714069030196377,0.0,7.639605615276018,4.810001373291016,2.3016844752105,5.337921140065518,0.05164201236191135,0.17140690301963768,False,False
2022-04-27,44.45000076293945,0.8944881358626078,0.9499399155573214,1.0,1.1700208811475883,0.0,7.557428296725938,4.69000244140625,2.225170791669875,5.332257505056063,0.05006008444267862,0.1700208811475883,False,False
2022-04-28,41.70000076293945,0.9534771605296848,0.9111177804324889,1.047961629817942,1.1812654218107137,2.0,7.558768227801302,1.940002441406257,3.7063886237769665,3.8523796040243354,0.08888221956751108,0.1812654218107137,False,False
2022-04-29,39.7599983215332,1.0,0.8812254730552546,1.0990946329912803,1.17630858619204,3.94000244140625,7.010029091067402,0.0,4.722474991963978,2.287554099103424,0.11877452694474544,0.17630858619203993,False,False
2022-05-02,40.45000076293945,0.9829418435502618,0.8683844322472867,1.0803461047886471,1.1719909651707185,3.249999999999986,6.957034672374256,0.69000244140625,5.323849816011965,1.6331848563622913,0.13161556775271332,0.17199096517071855,False,False
2022-05-03,40.369998931884766,0.9848897541121862,0.9547180293771603,1.0824870428328055,1.184508924371992,3.3300018310546875,7.448625079820523,0.6100006103515625,1.828033105677676,5.620591974142847,0.04528197062283967,0.18450892437199196,False,False
2022-05-04,41.619998931884766,0.9553099313290316,0.952921980057801,1.049976018367007,1.161138471094827,2.0800018310546875,6.706582994852241,1.8600006103515625,1.9593871397095697,4.747195855142671,0.047078019942198956,0.16113847109482693,False,False
2022-05-05,40.380001068115234,0.984645796677019,0.9641638183303589,1.082218910525135,1.185613975633316,3.3199996948242188,7.495092534330411,0.6200027465820312,1.4470650540972798,6.048027480233131,0.03583618166964109,0.18561397563331594,False,False
2022-05-06,40.0,0.99399995803833,0.9556924917751476,1.0925000190734864,1.1852855250980912,3.700000762939453,7.41142100392365,0.24000167846680398,1.772300328994099,5.639120674929551,0.04430750822485241,0.18528552509809115,False,False
2022-05-09,39.7599983215332,1.0,0.9520149243254407,1.0990946329912803,1.193115619800443,3.94000244140625,7.678276719127453,0.0,1.9078865282791213,5.770390190848332,0.04798507567455934,0.1931156198004429,False,False
2022-05-10,40.29999923706055,0.9885856304421556,0.9592939560184128,1.0843672851177677,1.1820468279436942,3.4000015258789062,7.336487027240167,0.45999908447265625,1.640453541401719,5.6960334858384485,0.04070604398158717,0.1820468279436942,False,False
2022-05-12,41.38999938964844,1.0,0.953172031578068,1.055810616268546,1.1710473063071054,2.31000137329103,7.079647903652102,0.0,1.9382095844022444,5.141438319249858,0.04682796842193204,0.1710473063071054,False,False
2022-05-13,41.47999954223633,1.0,0.9524772003860421,1.0535197985825109,1.172422109266427,2.220001220703132,7.152069013442819,0.0,1.9712457062327644,5.180823307210055,0.04752279961395789,0.1724221092664271,False,False
2022-05-16,41.869998931884766,1.0,0.9331483051557325,1.0437067560959763,1.1670573770239319,1.8300018310546733,6.994692197555494,0.0,2.799080391724168,4.1956118058313265,0.06685169484426745,0.16705737702393186,False,False
2022-05-17,42.84000015258789,0.980625540894062,0.9228276185562898,1.0200747107210175,1.1463620383599658,0.8600006103515483,6.270149745674004,0.8300018310546946,3.306064832824113,2.9640849128498914,0.07717238144371019,0.14636203835996575,False,False
2022-05-18,42.130001068115234,0.9971516082710749,0.9201249206673155,1.037265598267749,1.1612757009450103,1.5699996948242188,6.794545453074321,0.12000274658202414,3.365137177601788,3.4294082754725324,0.07987507933268445,0.16127570094501031,False,False
2022-05-19,42.05500030517578,0.998929925494804,0.9431829350611314,1.0391154546623846,1.1705466125938875,1.645000457763679,7.17233784468263,0.045001983642578125,2.389441683343314,4.782896161339316,0.05681706493886862,0.17054661259388748,False,False
2022-05-20,42.0099983215332,1.0,0.9504351268886432,1.0402285767419324,1.1674640351094512,1.69000244140625,7.035163833865219,0.0,2.0822202362151074,4.952943597650112,0.04956487311135682,0.16746403510945118,False,False
2022-05-23,42.880001068115234,1.0,0.9489153277142321,1.01912312673504,1.1510333574939877,0.8199996948242188,6.476310530663227,0.0,2.1905108021780393,4.285799728485188,0.05108467228576785,0.15103335749398772,False,False
2022-05-24,43.06999969482422,1.0,0.9458333345775314,1.014627375727401,1.154813249021307,0.6300010681152344,6.667806588102437,0.0,2.3329582632153674,4.334848324887069,0.05416666542246862,0.154813249021307,False,False
